Rk,Player,Nation,Pos,Squad,Age,Born,MP,Starts,Min,90s,Gls,Ast,G+A,G-PK,PK,PKatt,CrdY,CrdR,xG,npxG,xAG,npxG+xAG,PrgC,PrgP,PrgR
1,Max Aarons,eng ENG,DF,Bournemouth,25-116,2000,3,1,86,1,0,0,0,0,0,0,0,0,0,0,0,0,1,8,3
2,Joshua Acheampong,eng ENG,DF,Chelsea,18-360,2006,4,2,170,1.9,0,0,0,0,0,0,1,0,0.2,0.2,0,0.2,0,8,0
3,Tyler Adams,us USA,MF,Bournemouth,26-075,1999,24,17,"1,620",18,0,3,3,0,0,0,7,0,1.6,1.6,0.9,2.5,12,61,9
4,Tosin Adarabioyo,eng ENG,DF,Chelsea,27-218,1997,20,13,"1,229",13.7,1,1,2,1,0,0,3,0,0.9,0.9,0.2,1.1,5,37,1
5,Simon Adingra,ci CIV,"FW,MF",Brighton,23-119,2002,25,9,888,9.9,2,1,3,2,0,0,0,0,2.2,2.2,1.8,4,35,14,114
6,Emmanuel Agbadou,ci CIV,DF,Wolves,27-317,1997,12,12,"1,050",11.7,0,0,0,0,0,0,2,0,0.3,0.3,0.2,0.5,3,21,1
7,Asher Agbinone,eng ENG,MF,Crystal Palace,19-214,2005,2,0,6,0.1,0,0,0,0,0,0,0,0,0,0,0,0.1,2,0,1
8,Ola Aina,ng NGA,DF,Nott'ham Forest,28-204,1996,30,30,"2,569",28.5,2,1,3,2,0,0,2,0,0.6,0.6,0.7,1.3,54,91,52
9,Rayan Aït-Nouri,dz ALG,DF,Wolves,23-328,2001,33,33,"2,775",30.8,4,7,11,4,0,0,7,1,2.4,2.4,4.7,7.1,74,96,156
10,Kristoffer Ajer,no NOR,DF,Brentford,27-013,1998,20,17,"1,388",15.4,0,0,0,0,0,0,4,0,0.8,0.8,1.2,2.1,27,52,42
11,Manuel Akanji,ch SUI,DF,Manchester City,29-285,1995,22,20,"1,711",19,0,0,0,0,0,0,3,0,0.7,0.7,0.4,1.1,38,135,6
12,Nathan Aké,nl NED,DF,Manchester City,30-071,1995,10,8,678,7.5,0,0,0,0,0,0,0,0,0.2,0.2,0,0.2,12,50,2
13,Carlos Alcaraz,ar ARG,MF,Southampton,22-151,2002,1,0,10,0.1,0,0,0,0,0,0,0,0,0.1,0.1,0.1,0.2,4,6,1
14,Carlos Alcaraz,ar ARG,"FW,MF",Everton,22-151,2002,11,4,491,5.5,1,1,2,1,0,0,3,0,1.3,1.3,1.3,2.6,14,27,10
15,Trent Alexander-Arnold,eng ENG,DF,Liverpool,26-205,1998,30,27,"2,240",24.9,3,6,9,3,0,0,5,0,1.8,1.8,6.7,8.5,49,211,87
16,Alisson,br BRA,GK,Liverpool,32-210,1992,24,24,"2,148",23.9,0,0,0,0,0,0,0,0,0,0,0.6,0.6,0,0,0
17,Miguel Almirón,py PAR,FW,Newcastle Utd,31-079,1994,9,1,157,1.7,0,0,0,0,0,0,0,0,0.5,0.5,0.3,0.8,3,6,18
18,Edson Álvarez,mx MEX,MF,West Ham,27-188,1997,25,19,"1,633",18.1,0,1,1,0,0,0,8,1,0.3,0.3,0.8,1.1,21,75,18
19,Will Alves,eng ENG,FW,Leicester City,20-086,2005,1,0,1,0,0,0,0,0,0,0,0,0,0,0,0,0,0,0,1
20,Harry Amass,eng ENG,DF,Manchester Utd,18-045,2007,3,2,166,1.8,0,0,0,0,0,0,0,0,0,0,0,0,5,4,12
21,Samuel Amo-Ameyaw,eng ENG,"FW,DF",Southampton,18-286,2006,2,0,28,0.3,0,0,0,0,0,0,1,0,0,0,0.1,0.1,1,0,3
22,Mathis Amougou,fr FRA,MF,Chelsea,19-102,2006,1,0,8,0.1,0,0,0,0,0,0,0,0,0,0,0,0,0,1,0
23,Joachim Andersen,dk DEN,DF,Crystal Palace,28-334,1996,1,1,90,1,0,0,0,0,0,0,1,0,0,0,0,0,1,4,1
24,Joachim Andersen,dk DEN,DF,Fulham,28-334,1996,25,25,"2,223",24.7,0,0,0,0,0,0,5,1,0.9,0.9,0.3,1.3,13,103,2
25,Elliot Anderson,eng ENG,MF,Nott'ham Forest,22-175,2002,32,28,"2,317",25.7,2,6,8,2,0,0,6,0,1.7,1.7,3.1,4.8,37,115,78
26,André,br BRA,MF,Wolves,23-288,2001,29,27,"2,170",24.1,0,0,0,0,0,0,7,0,0.4,0.4,0.7,1,8,92,11
27,Michail Antonio,jm JAM,FW,West Ham,35-033,1990,14,11,836,9.3,1,1,2,1,0,0,1,0,2.2,2.2,1.6,3.8,29,18,59
28,Antony,br BRA,"DF,MF",Manchester Utd,25-065,2000,8,0,141,1.6,0,0,0,0,0,0,0,0,1,1,0.1,1.1,5,6,7
29,Julian Araujo,mx MEX,DF,Bournemouth,23-260,2001,9,5,362,4,0,0,0,0,0,0,1,0,0,0,0,0,3,14,18
30,Cameron Archer,eng ENG,FW,Southampton,23-283,2001,31,13,"1,361",15.1,2,0,2,2,0,1,0,0,5.1,4.3,0.4,4.6,19,14,62
31,Alphonse Areola,fr FRA,GK,West Ham,32-062,1993,23,22,"1,990",22.1,0,0,0,0,0,0,0,0,0,0,0,0,0,0,0
32,Joe Aribo,ng NGA,"MF,DF",Southampton,28-283,1996,30,20,"1,909",21.2,3,0,3,3,0,0,1,0,2.7,2.7,1.6,4.3,35,71,64
33,Adam Armstrong,eng ENG,"FW,MF",Southampton,28-079,1997,20,15,"1,248",13.9,2,2,4,2,0,1,4,0,3.3,2.3,1.2,3.5,25,21,79
34,Harrison Armstrong,eng ENG,MF,Everton,18-101,2007,3,0,48,0.5,0,0,0,0,0,0,1,0,0.4,0.4,0.1,0.4,1,1,0
35,Kepa Arrizabalaga,es ESP,GK,Bournemouth,30-209,1994,27,27,"2,430",27,0,0,0,0,0,0,3,0,0.1,0.1,0,0.1,0,2,0
36,Marco Asensio,es ESP,"MF,FW",Aston Villa,29-099,1996,9,5,481,5.3,3,1,4,3,0,2,1,0,4.2,2.6,0.8,3.4,15,31,23
37,Brandon Austin,eng ENG,GK,Tottenham,26-112,1999,1,1,90,1,0,0,0,0,0,0,0,0,0,0,0,0,0,0,0
38,Taiwo Awoniyi,ng NGA,FW,Nott'ham Forest,27-261,1997,24,3,378,4.2,1,0,1,1,0,0,0,0,2.1,2.1,0.1,2.2,6,7,19
39,Yasin Ayari,se SWE,MF,Brighton,21-206,2003,30,19,"1,737",19.3,1,1,2,1,0,0,3,0,2.2,2.2,2.2,4.4,30,66,59
40,Jordan Ayew,gh GHA,"FW,MF",Crystal Palace,33-231,1991,1,0,21,0.2,0,0,0,0,0,0,1,0,0.5,0.5,0,0.5,0,0,1
41,Jordan Ayew,gh GHA,"FW,MF",Leicester City,33-231,1991,26,15,"1,356",15.1,4,0,4,3,1,1,5,0,2.9,2.1,0.8,2.9,42,33,75
42,Benoît Badiashile,fr FRA,DF,Chelsea,24-035,2001,5,3,334,3.7,0,0,0,0,0,0,0,0,0,0,0,0,3,17,2
43,Leon Bailey,jm JAM,"FW,MF",Aston Villa,27-264,1997,23,14,"1,138",12.6,1,2,3,1,0,0,3,0,1.7,1.7,1.5,3.3,57,35,121
44,Carlos Baleba,cm CMR,MF,Brighton,21-117,2004,30,27,"2,313",25.7,3,1,4,3,0,0,8,1,3,3,1.3,4.2,40,111,26
45,Ross Barkley,eng ENG,MF,Aston Villa,31-146,1993,17,3,563,6.3,3,1,4,3,0,0,3,0,1.7,1.7,0.6,2.3,14,33,9
46,Harvey Barnes,eng ENG,FW,Newcastle Utd,27-142,1997,29,13,"1,413",15.7,9,4,13,9,0,0,0,0,6.3,6.3,3.7,10,74,69,159
47,Calvin Bassey,ng NGA,DF,Fulham,25-120,1999,32,31,"2,804",31.2,1,0,1,1,0,0,6,0,1,1,0.1,1.1,35,104,13
48,Altay Bayındır,tr TUR,GK,Manchester Utd,27-016,1998,1,1,90,1,0,0,0,0,0,0,0,0,0,0,0,0,0,0,0
49,Jan Bednarek,pl POL,DF,Southampton,29-018,1996,28,28,"2,351",26.1,2,0,2,2,0,0,7,0,0.7,0.7,0.5,1.2,4,58,2
50,Armel Bella Kotchap,de GER,DF,Southampton,23-140,2001,4,2,331,3.7,0,0,0,0,0,0,0,0,0.3,0.3,0,0.3,0,5,0
51,Jean-Ricner Bellegarde,fr FRA,"MF,FW",Wolves,26-307,1998,31,18,"1,486",16.5,2,6,8,2,0,0,3,0,1.3,1.3,3.6,4.9,47,36,81
52,Rodrigo Bentancur,uy URU,MF,Tottenham,27-309,1997,23,19,"1,518",16.9,2,0,2,2,0,0,7,0,1.3,1.3,0.4,1.7,26,99,34
53,Daniel Bentley,eng ENG,GK,Wolves,31-291,1993,1,1,90,1,0,0,0,0,0,0,0,0,0,0,0,0,0,0,0
54,Sander Berge,no NOR,MF,Fulham,27-075,1998,27,23,"2,017",22.4,0,0,0,0,0,0,4,0,0.2,0.2,0.6,0.8,27,110,8
55,Lucas Bergvall,se SWE,MF,Tottenham,19-087,2006,27,11,"1,212",13.5,0,1,1,0,0,0,3,0,0.7,0.7,0.6,1.3,33,49,31
56,Victor Bernth Kristiansen,dk DEN,DF,Leicester City,22-135,2002,28,28,"2,380",26.4,0,1,1,0,0,0,1,0,0.3,0.3,1.4,1.7,39,69,75
57,Beto,gw GNB,FW,Everton,27-089,1998,26,11,"1,192",13.2,6,0,6,6,0,0,2,0,6.1,6.1,0.8,6.9,12,9,62
58,Philip Billing,dk DEN,MF,Bournemouth,28-323,1996,10,1,184,2,0,0,0,0,0,0,1,0,0.6,0.6,1.1,1.7,3,15,13
59,Yves Bissouma,ml MLI,MF,Tottenham,28-243,1996,24,15,"1,210",13.4,2,0,2,2,0,0,7,0,0.6,0.6,0.3,0.9,15,71,3
60,Oscar Bobb,no NOR,FW,Manchester City,21-292,2003,2,0,15,0.2,0,0,0,0,0,0,0,0,0,0,0.1,0.1,1,1,1
61,Lamare Bogarde,nl NED,"DF,MF",Aston Villa,21-115,2004,8,5,476,5.3,0,0,0,0,0,0,2,0,0,0,0.1,0.2,12,14,9
62,Willy Boly,ci CIV,DF,Nott'ham Forest,34-086,1991,6,1,150,1.7,0,0,0,0,0,0,1,0,0.1,0.1,0,0.1,0,2,0
63,Sven Botman,nl NED,DF,Newcastle Utd,25-108,2000,4,3,232,2.6,0,0,0,0,0,0,1,0,0,0,0,0,0,3,0
64,Jarrod Bowen,eng ENG,"FW,MF",West Ham,28-131,1996,30,30,"2,631",29.2,9,7,16,8,1,1,1,0,7.4,6.7,6.3,13.1,97,85,183
65,Conor Bradley,nir NIR,DF,Liverpool,21-295,2003,15,4,533,5.9,0,1,1,0,0,0,3,0,0.6,0.6,0.5,1.1,26,25,27
66,Jarrad Branthwaite,eng ENG,DF,Everton,22-307,2002,27,25,"2,258",25.1,0,1,1,0,0,0,4,0,1.1,1.1,0.6,1.6,9,57,2
67,James Bree,eng ENG,DF,Southampton,27-201,1997,15,11,895,9.9,0,1,1,0,0,0,0,0,0.1,0.1,0.9,1,10,31,34
68,Ben Brereton,cl CHI,FW,Southampton,26-012,1999,10,4,449,5,0,0,0,0,0,0,1,0,0.9,0.9,0.1,1,12,9,42
69,Nathan Broadhead,wls WAL,"MF,FW",Ipswich Town,27-025,1998,16,6,605,6.7,1,0,1,1,0,0,1,0,1.5,1.5,0.6,2.1,17,12,27
70,Armando Broja,al ALB,FW,Everton,23-232,2001,10,4,334,3.7,0,0,0,0,0,0,1,0,0.1,0.1,0.2,0.3,12,2,26
71,David Brooks,wls WAL,"FW,MF",Bournemouth,27-296,1997,25,8,815,9.1,2,0,2,2,0,0,3,0,2.2,2.2,1.7,3.9,25,27,75
72,Emi Buendía,ar ARG,"MF,FW",Aston Villa,28-126,1996,12,0,98,1.1,0,0,0,0,0,0,1,0,0.7,0.7,0,0.7,3,7,6
73,Santiago Bueno,uy URU,DF,Wolves,26-172,1998,27,18,"1,678",18.6,0,0,0,0,0,0,2,0,0.4,0.4,0,0.4,1,28,1
74,Facundo Buonanotte,ar ARG,"FW,MF",Leicester City,20-128,2004,29,14,"1,474",16.4,4,2,6,4,0,0,7,0,3.8,3.8,3.1,6.8,38,52,69
75,Cameron Burgess,au AUS,DF,Ipswich Town,29-191,1995,16,14,"1,361",15.1,0,1,1,0,0,0,0,0,0.7,0.7,0.5,1.2,2,40,4
76,Dan Burn,eng ENG,DF,Newcastle Utd,32-356,1992,33,33,"2,970",33,1,0,1,1,0,0,10,0,1.7,1.7,0.9,2.6,9,56,10
77,Wes Burns,wls WAL,"FW,DF",Ipswich Town,30-158,1994,18,12,926,10.3,0,1,1,0,0,0,1,0,0.5,0.5,1.6,2.2,38,8,65
78,Nathan Butler-Oyedeji,eng ENG,FW,Arsenal,22-116,2003,1,0,7,0.1,0,0,0,0,0,0,0,0,0.1,0.1,0,0.1,0,0,0
79,Moisés Caicedo,ec ECU,MF,Chelsea,23-179,2001,34,34,"2,991",33.2,1,2,3,1,0,0,10,0,0.8,0.8,2.9,3.7,38,194,33
80,Tom Cairney,sct SCO,MF,Fulham,34-100,1991,22,2,494,5.5,1,0,1,1,0,0,3,1,0.2,0.2,1,1.2,14,47,29
81,Jens Cajuste,se SWE,MF,Ipswich Town,25-263,1999,26,23,"1,774",19.7,1,0,1,1,0,0,2,0,0.5,0.5,0.6,1.1,23,46,16
82,Riccardo Calafiori,it ITA,DF,Arsenal,22-346,2002,17,11,925,10.3,2,1,3,2,0,0,4,0,0.9,0.9,0.3,1.1,21,54,29
83,Dominic Calvert-Lewin,eng ENG,FW,Everton,28-045,1997,22,19,"1,574",17.5,3,1,4,3,0,0,2,0,6.1,6.1,0.6,6.7,22,19,105
84,Diego Carlos,br BRA,DF,Aston Villa,32-046,1993,10,8,830,9.2,0,0,0,0,0,0,1,0,0.6,0.6,0,0.6,3,34,0
85,Fabio Carvalho,pt POR,"FW,MF",Brentford,22-243,2002,19,3,455,5.1,2,1,3,2,0,0,1,0,2.5,2.5,0.7,3.2,9,17,23
86,Casemiro,br BRA,MF,Manchester Utd,33-066,1992,22,16,"1,335",14.8,1,0,1,1,0,0,3,0,1.7,1.7,2.3,3.9,4,70,26
87,Kaelan Casey,eng ENG,DF,West Ham,20-184,2004,1,0,1,0,0,0,0,0,0,0,0,0,0,0,0,0,0,0,0
88,Matty Cash,pl POL,DF,Aston Villa,27-266,1997,23,20,"1,710",19,1,1,2,1,0,0,6,0,0.3,0.3,1.1,1.4,44,38,70
89,Eiran Cashin,ie IRL,DF,Brighton,23-172,2001,2,0,20,0.2,0,0,0,0,0,0,0,0,0,0,0,0,0,6,1
90,Timothy Castagne,be BEL,DF,Fulham,29-146,1995,23,17,"1,625",18.1,0,1,1,0,0,0,1,0,0.4,0.4,1.2,1.6,17,61,67
91,Trevoh Chalobah,eng ENG,DF,Crystal Palace,25-299,1999,12,12,"1,060",11.8,3,0,3,3,0,0,1,0,1.2,1.2,0.4,1.6,11,34,6
92,Trevoh Chalobah,eng ENG,DF,Chelsea,25-299,1999,11,9,746,8.3,0,1,1,0,0,0,1,0,0.7,0.7,1.2,1.9,4,34,2
93,Conor Chaplin,eng ENG,"MF,FW",Ipswich Town,28-073,1997,18,7,645,7.2,1,1,2,1,0,0,1,0,1.2,1.2,0.6,1.8,10,25,20
94,Youssef Chermiti,pt POR,"FW,MF",Everton,20-341,2004,3,0,44,0.5,0,0,0,0,0,0,1,0,0.1,0.1,0,0.1,0,1,5
95,Federico Chiesa,it ITA,FW,Liverpool,27-187,1997,4,0,37,0.4,0,0,0,0,0,0,0,0,0.2,0.2,0,0.2,2,2,6
96,Ben Chilwell,eng ENG,DF,Crystal Palace,28-130,1996,6,0,139,1.5,0,0,0,0,0,0,1,0,0.1,0.1,0.2,0.3,2,3,10
97,Chiquinho,pt POR,MF,Wolves,25-084,2000,1,0,7,0.1,0,0,0,0,0,0,0,0,0,0,0,0,0,0,0
98,Hamza Choudhury,bd BAN,"MF,DF",Leicester City,27-211,1997,4,1,131,1.5,0,0,0,0,0,0,0,0,0,0,0.4,0.4,4,3,6
99,Ryan Christie,sct SCO,MF,Bournemouth,30-067,1995,29,27,"2,117",23.5,2,3,5,2,0,0,9,0,1.8,1.8,3.5,5.4,34,137,44
100,Harry Clarke,eng ENG,DF,Ipswich Town,24-059,2001,7,4,379,4.2,0,0,0,0,0,0,3,1,0.1,0.1,0,0.1,5,14,2
101,Jack Clarke,eng ENG,"FW,MF",Ipswich Town,24-158,2000,28,11,"1,033",11.5,0,4,4,0,0,0,2,0,1,1,2,2.9,30,33,47
102,Nathaniel Clyne,eng ENG,"DF,MF",Crystal Palace,34-025,1991,13,5,483,5.4,0,0,0,0,0,0,1,0,0,0,0.3,0.3,6,7,8
103,Conor Coady,eng ENG,DF,Leicester City,32-064,1993,18,15,"1,354",15,0,0,0,0,0,0,2,0,0.1,0.1,0.1,0.2,2,28,0
104,Séamus Coleman,ie IRL,DF,Everton,36-201,1988,3,2,197,2.2,0,0,0,0,0,0,1,0,0.6,0.6,0,0.6,1,8,2
105,Nathan Collins,ie IRL,DF,Brentford,24-000,2001,33,33,"2,970",33,2,2,4,2,0,0,5,0,2.5,2.5,1.5,4,25,112,18
106,Toby Collyer,eng ENG,MF,Manchester Utd,21-117,2004,6,0,179,2,0,0,0,0,0,0,0,0,0.2,0.2,0.3,0.4,0,5,2
107,Levi Colwill,eng ENG,DF,Chelsea,22-063,2003,31,31,"2,789",31,1,1,2,1,0,0,8,0,1.3,1.3,1.1,2.5,13,124,11
108,Lewis Cook,eng ENG,"MF,DF",Bournemouth,28-086,1997,33,29,"2,726",30.3,1,3,4,1,0,0,8,0,0.9,0.9,4.1,5,33,152,48
109,Maxwel Cornet,ci CIV,FW,Southampton,28-215,1996,2,1,72,0.8,0,0,0,0,0,0,1,0,0.2,0.2,0,0.2,1,0,5
110,Vladimír Coufal,cz CZE,DF,West Ham,32-251,1992,18,9,865,9.6,0,0,0,0,0,0,4,0,0.2,0.2,0.6,0.8,15,32,25
111,Woyo Coulibaly,fr FRA,DF,Leicester City,25-345,1999,4,1,109,1.2,0,0,0,0,0,0,1,0,0,0,0,0,4,3,2
112,Aaron Cresswell,eng ENG,DF,West Ham,35-136,1989,14,7,589,6.5,0,0,0,0,0,0,2,0,0.1,0.1,1.1,1.3,4,24,2
113,Marc Cucurella,es ESP,DF,Chelsea,26-282,1998,32,29,"2,628",29.2,4,1,5,4,0,0,10,1,2.6,2.6,1.9,4.5,30,104,108
114,Jorge Cuenca,es ESP,DF,Fulham,25-164,1999,6,3,259,2.9,0,0,0,0,0,0,0,0,0,0,0,0,0,9,0
115,Matheus Cunha,br BRA,"MF,FW",Wolves,25-338,1999,29,26,"2,341",26,15,6,21,15,0,0,3,0,7.9,7.9,7.3,15.2,103,129,144
116,Patson Daka,zm ZAM,"FW,MF",Leicester City,26-203,1998,20,5,647,7.2,1,0,1,1,0,0,0,0,1.3,1.3,0.1,1.3,9,8,33
117,Diogo Dalot,pt POR,DF,Manchester Utd,26-043,1999,32,31,"2,788",31,0,3,3,0,0,0,5,0,2,2,2,4,62,102,164
118,Mikkel Damsgaard,dk DEN,"MF,FW",Brentford,24-301,2000,33,29,"2,495",27.7,2,10,12,2,0,0,2,0,2.6,2.6,7.3,9.9,62,204,115
119,Danilo,br BRA,"MF,FW",Nott'ham Forest,24-001,2001,7,5,267,3,0,0,0,0,0,0,0,0,0,0,0,0,2,11,1
120,Jayden Danns,eng ENG,MF,Liverpool,19-104,2006,1,0,11,0.1,0,0,0,0,0,0,0,0,0,0,0,0,0,0,0
121,Kevin Danso,at AUT,DF,Tottenham,26-223,1998,6,5,482,5.4,0,0,0,0,0,0,0,0,0.4,0.4,0.1,0.5,10,17,1
122,Ben Davies,wls WAL,DF,Tottenham,32-006,1993,13,11,"1,036",11.5,0,0,0,0,0,0,3,0,0.3,0.3,0.2,0.5,13,49,6
123,Leif Davis,eng ENG,DF,Ipswich Town,25-108,2000,31,30,"2,563",28.5,1,2,3,1,0,0,5,1,0.9,0.9,4.3,5.2,48,55,117
124,Craig Dawson,eng ENG,DF,Wolves,34-359,1990,15,10,971,10.8,0,0,0,0,0,0,2,0,0.5,0.5,0,0.5,6,20,5
125,Kevin De Bruyne,be BEL,"MF,FW",Manchester City,33-306,1991,24,16,"1,455",16.2,3,7,10,3,0,0,2,0,3.4,3.4,7.6,11,47,128,132
126,Bobby De Cordova-Reid,jm JAM,FW,Leicester City,32-087,1993,23,9,744,8.3,1,2,3,1,0,0,2,0,0.8,0.8,1.2,2,14,15,48
127,Liam Delap,eng ENG,FW,Ipswich Town,22-081,2003,33,30,"2,424",26.9,12,2,14,10,2,2,9,0,9.1,7.5,1.9,9.4,59,30,104
128,Sepp van den Berg,nl NED,DF,Brentford,23-131,2001,26,24,"2,136",23.7,0,0,0,0,0,0,2,0,1.4,1.4,0.2,1.6,8,66,27
129,Justin Devenny,nir NIR,MF,Crystal Palace,21-201,2003,20,4,429,4.8,1,0,1,1,0,0,1,0,0.7,0.7,0.4,1.1,4,16,12
130,Kiernan Dewsbury-Hall,eng ENG,"MF,FW",Chelsea,26-236,1998,12,2,259,2.9,0,1,1,0,0,0,0,0,0.2,0.2,1.1,1.3,5,14,11
131,Amad Diallo,ci CIV,"FW,MF",Manchester Utd,22-293,2002,22,17,"1,594",17.7,6,6,12,6,0,0,3,0,4.1,4.1,3.9,8,92,53,159
132,Rúben Dias,pt POR,DF,Manchester City,27-351,1997,23,21,"1,911",21.2,0,0,0,0,0,0,4,0,1.4,1.4,0.3,1.6,34,120,6
133,Luis Díaz,co COL,FW,Liverpool,28-107,1997,33,26,"2,225",24.7,12,5,17,12,0,0,2,0,10,10,4.9,14.9,103,103,269
134,Tyler Dibling,eng ENG,"FW,MF",Southampton,19-049,2006,30,18,"1,697",18.9,2,0,2,2,0,0,6,0,2.5,2.5,1.5,4.1,67,60,90
135,Lucas Digne,fr FRA,DF,Aston Villa,31-284,1993,30,27,"2,241",24.9,0,4,4,0,0,0,4,0,0.8,0.8,4.4,5.1,23,54,140
136,Issa Diop,fr FRA,DF,Fulham,28-111,1997,21,15,"1,339",14.9,0,0,0,0,0,0,2,0,0.5,0.5,0.1,0.6,6,25,3
137,Axel Disasi,fr FRA,DF,Aston Villa,27-050,1998,7,5,490,5.4,0,0,0,0,0,0,2,0,0.1,0.1,0.4,0.5,10,16,5
138,Axel Disasi,fr FRA,DF,Chelsea,27-050,1998,6,4,364,4,1,0,1,1,0,0,1,0,0.3,0.3,0.1,0.4,6,16,2
139,Roman Dixon,eng ENG,DF,Everton,20-125,2004,1,1,90,1,0,0,0,0,0,0,0,0,0,0,0,0,0,0,1
140,Nasser Djiga,bf BFA,"DF,FW",Wolves,22-166,2002,4,0,21,0.2,0,0,0,0,0,0,0,0,0,0,0,0,0,0,1
141,Matt Doherty,ie IRL,DF,Wolves,33-104,1992,27,22,"1,901",21.1,2,1,3,2,0,0,6,0,1,1,1.5,2.5,29,75,39
142,Jeremy Doku,be BEL,"FW,MF",Manchester City,22-338,2002,25,14,"1,307",14.5,3,5,8,3,0,0,1,0,1,1,3.9,4.9,176,62,235
143,Nicolás Domínguez,ar ARG,"MF,FW",Nott'ham Forest,26-306,1998,29,19,"1,624",18,0,1,1,0,0,0,8,0,1.4,1.4,1.3,2.7,12,63,24
144,Patrick Dorgu,dk DEN,DF,Manchester Utd,20-186,2004,8,7,585,6.5,0,0,0,0,0,0,3,1,0.4,0.4,0.4,0.8,25,21,53
145,Alfie Dorrington,eng ENG,DF,Tottenham,20-010,2005,1,0,14,0.2,0,0,0,0,0,0,0,0,0,0,0,0,0,0,0
146,Abdoulaye Doucouré,ml MLI,MF,Everton,32-119,1993,30,29,"2,425",26.9,3,1,4,3,0,0,5,1,3.9,3.9,2.3,6.2,40,78,91
147,Cheick Doucouré,ml MLI,MF,Crystal Palace,25-112,2000,13,4,452,5,0,0,0,0,0,0,1,0,0.4,0.4,0,0.4,2,19,7
148,Flynn Downes,eng ENG,MF,Southampton,26-100,1999,23,21,"1,791",19.9,1,0,1,1,0,0,10,0,0.6,0.6,1.1,1.7,24,59,28
149,Tommy Doyle,eng ENG,MF,Wolves,23-195,2001,24,3,488,5.4,0,1,1,0,0,0,1,0,0.6,0.6,0.5,1.1,6,40,4
150,Radu Drăgușin,ro ROU,DF,Tottenham,23-086,2002,16,14,"1,252",13.9,0,0,0,0,0,0,1,0,0.1,0.1,0.4,0.5,7,37,2
151,Martin Dúbravka,sk SVK,GK,Newcastle Utd,36-105,1989,10,10,900,10,0,0,0,0,0,0,0,0,0,0,0,0,0,0,0
152,Lewis Dunk,eng ENG,DF,Brighton,33-160,1991,24,22,"1,993",22.1,0,0,0,0,0,0,5,0,0.8,0.8,0.5,1.3,20,142,3
153,Jáder Durán,co COL,FW,Aston Villa,21-138,2003,20,4,638,7.1,7,0,7,7,0,0,3,1,4.9,4.9,0.2,5.1,7,13,44
154,Ederson,br BRA,GK,Manchester City,31-256,1993,22,22,"1,960",21.8,0,4,4,0,0,0,3,0,0,0,1.5,1.5,0,1,0
155,George Edmundson,eng ENG,DF,Ipswich Town,27-242,1997,1,0,2,0,0,0,0,0,0,0,0,0,0,0,0,0,0,0,0
156,Odsonne Édouard,fr FRA,"MF,FW",Crystal Palace,27-104,1998,2,1,115,1.3,0,0,0,0,0,0,0,0,0.4,0.4,0,0.4,2,4,7
157,Odsonne Édouard,fr FRA,FW,Leicester City,27-104,1998,4,0,29,0.3,0,0,0,0,0,0,0,0,0,0,0,0,0,1,2
158,Samuel Edozie,eng ENG,"DF,FW",Southampton,22-092,2003,2,0,65,0.7,0,0,0,0,0,0,1,0,0,0,0.1,0.1,6,4,23
159,Ronnie Edwards,eng ENG,DF,Southampton,22-033,2003,1,0,12,0.1,0,0,0,0,0,0,0,0,0,0,0,0,0,0,0
160,Anthony Elanga,se SWE,FW,Nott'ham Forest,23-003,2002,33,26,"2,052",22.8,6,9,15,6,0,0,1,0,3.9,3.9,4.4,8.4,79,47,164
161,Harvey Elliott,eng ENG,"MF,FW",Liverpool,22-026,2003,14,0,199,2.2,0,1,1,0,0,0,1,0,0.7,0.7,0.9,1.6,7,26,23
162,Yunus Emre Konak,tr TUR,"FW,MF",Brentford,19-110,2006,8,0,34,0.4,0,0,0,0,0,0,0,0,0.2,0.2,0,0.2,1,2,1
163,Julio Enciso,py PAR,"FW,MF",Ipswich Town,21-097,2004,10,9,620,6.9,1,3,4,1,0,0,3,0,1.2,1.2,1.2,2.4,13,22,30
164,Julio Enciso,py PAR,"MF,FW",Brighton,21-097,2004,12,2,294,3.3,0,0,0,0,0,0,0,0,1,1,0.2,1.2,11,14,17
165,Wataru Endo,jp JPN,MF,Liverpool,32-080,1993,17,0,169,1.9,0,0,0,0,0,0,0,0,0,0,0,0,0,9,2
166,Christian Eriksen,dk DEN,MF,Manchester Utd,33-075,1992,20,11,994,11,0,1,1,0,0,0,4,0,0.3,0.3,2.6,2.9,10,49,29
167,Romain Esse,eng ENG,MF,Crystal Palace,19-352,2005,4,0,34,0.4,1,0,1,1,0,0,0,0,0.3,0.3,0.1,0.5,0,1,6
168,Pervis Estupiñán,ec ECU,DF,Brighton,27-099,1998,27,23,"2,132",23.7,1,1,2,1,0,0,5,0,0.9,0.9,2.1,3,55,115,104
169,Evanilson,br BRA,FW,Bournemouth,25-206,1999,27,24,"1,972",21.9,9,1,10,9,0,1,0,1,11,10.2,1.6,11.9,26,19,87
170,Jake Evans,,FW,Leicester City,,,1,0,1,0,0,0,0,0,0,0,0,0,0,0,0,0,0,0,0
171,Jonny Evans,nir NIR,DF,Manchester Utd,37-117,1988,6,3,290,3.2,0,0,0,0,0,0,1,0,0.1,0.1,0,0.1,1,8,2
172,Eberechi Eze,eng ENG,"MF,FW",Crystal Palace,26-305,1998,30,28,"2,337",26,4,8,12,4,0,1,1,0,8.2,7.4,5.2,12.6,65,85,141
173,Łukasz Fabiański,pl POL,GK,West Ham,40-012,1985,13,12,"1,070",11.9,0,0,0,0,0,0,2,0,0,0,0,0,0,0,0
174,Wout Faes,be BEL,DF,Leicester City,27-027,1998,30,26,"2,455",27.3,1,0,1,1,0,0,4,0,1.4,1.4,0.1,1.5,12,74,1
175,Abdul Fatawu Issahaku,gh GHA,FW,Leicester City,21-053,2004,11,6,579,6.4,0,2,2,0,0,0,0,0,0.4,0.4,1.6,2,42,17,60
176,João Félix,pt POR,"FW,MF",Chelsea,25-171,1999,12,3,369,4.1,1,1,2,1,0,0,2,0,2.2,2.2,1,3.2,21,26,30
177,Evan Ferguson,ie IRL,FW,West Ham,20-193,2004,7,1,145,1.6,0,0,0,0,0,0,0,0,0.6,0.6,0.3,0.9,1,0,6
178,Evan Ferguson,ie IRL,FW,Brighton,20-193,2004,13,2,246,2.7,1,0,1,1,0,0,0,0,0.5,0.5,0.4,1,2,1,9
179,Bruno Fernandes,pt POR,MF,Manchester Utd,30-234,1994,33,32,"2,758",30.6,8,9,17,5,3,3,4,2,9.5,7.1,7.6,14.7,65,281,118
180,Mateus Fernandes,pt POR,MF,Southampton,20-294,2004,32,30,"2,584",28.7,2,3,5,2,0,0,8,0,3.7,3.7,2.6,6.3,72,130,99
181,Enzo Fernández,ar ARG,MF,Chelsea,24-103,2001,32,28,"2,590",28.8,5,7,12,5,0,0,7,0,5.4,5.4,6.3,11.7,57,196,115
182,Mark Flekken,nl NED,GK,Brentford,31-321,1993,32,32,"2,825",31.4,0,1,1,0,0,0,1,0,0,0,0.2,0.2,0,0,0
183,Phil Foden,eng ENG,"MF,FW",Manchester City,24-337,2000,25,19,"1,686",18.7,7,2,9,7,0,0,2,0,5.1,5.1,4.7,9.8,47,95,119
184,Wesley Fofana,fr FRA,DF,Chelsea,24-134,2000,14,14,"1,172",13,0,0,0,0,0,0,7,0,0.4,0.4,0.4,0.8,19,32,4
185,Carlos Forbs,pt POR,"MF,FW",Wolves,21-042,2004,10,1,239,2.7,0,0,0,0,0,0,2,0,0.1,0.1,0,0.2,10,8,28
186,Fraser Forster,eng ENG,GK,Tottenham,37-044,1988,7,7,630,7,0,0,0,0,0,0,0,0,0,0,0,0,0,0,0
187,Matheus França,br BRA,"FW,MF",Crystal Palace,21-029,2004,2,0,26,0.3,1,0,1,1,0,0,0,0,0.1,0.1,0,0.1,1,2,2
188,Ryan Fraser,sct SCO,"FW,DF",Southampton,31-065,1994,8,4,306,3.4,0,0,0,0,0,0,0,1,0,0,0.1,0.1,10,8,18
189,Tyler Fredricson,eng ENG,DF,Manchester Utd,20-066,2005,1,1,90,1,0,0,0,0,0,0,0,0,0,0,0,0,2,4,0
190,Niclas Füllkrug,de GER,FW,West Ham,32-080,1993,14,4,589,6.5,3,2,5,3,0,0,2,0,1.9,1.9,1.9,3.8,6,9,21
191,Cody Gakpo,nl NED,FW,Liverpool,25-358,1999,31,19,"1,627",18.1,9,3,12,9,0,0,5,0,6.4,6.4,3.5,9.9,48,51,240
192,Idrissa Gana Gueye,sn SEN,MF,Everton,35-216,1989,33,31,"2,705",30.1,0,3,3,0,0,0,8,0,1.1,1.1,1.7,2.8,24,126,23
193,Andrés García,es ESP,"DF,MF",Aston Villa,22-082,2003,7,5,318,3.5,0,0,0,0,0,0,0,0,0,0,0.2,0.2,26,15,28
194,Alejandro Garnacho,ar ARG,"MF,FW",Manchester Utd,20-303,2004,33,22,"2,056",22.8,5,1,6,5,0,0,2,0,7,7,3.6,10.6,134,54,274
195,James Garner,eng ENG,"MF,DF",Everton,24-048,2001,17,13,"1,234",13.7,0,1,1,0,0,0,3,0,0.3,0.3,1.3,1.6,10,38,22
196,Tyrique George,eng ENG,FW,Chelsea,19-085,2006,7,0,103,1.1,1,1,2,1,0,0,1,0,0.2,0.2,0.7,0.9,9,2,18
197,Morgan Gibbs-White,eng ENG,MF,Nott'ham Forest,25-093,2000,29,29,"2,377",26.4,5,7,12,5,0,0,9,1,4.6,4.6,4.4,9,63,139,115
198,Billy Gilmour,sct SCO,MF,Brighton,23-323,2001,2,1,98,1.1,0,0,0,0,0,0,0,0,0.1,0.1,0,0.1,2,11,2
199,Ben Godfrey,eng ENG,DF,Ipswich Town,27-105,1998,3,2,159,1.8,0,0,0,0,0,0,1,0,0,0,0,0,2,4,1
200,Martial Godo,eng ENG,FW,Fulham,22-047,2003,1,0,16,0.2,0,0,0,0,0,0,0,0,0,0,0,0,0,0,3
201,João Gomes,br BRA,MF,Wolves,24-077,2001,32,32,"2,691",29.9,3,1,4,3,0,0,10,1,2.7,2.7,1.1,3.9,53,146,66
202,Rodrigo Gomes,pt POR,"DF,FW",Wolves,21-297,2003,21,6,647,7.2,2,0,2,2,0,0,0,0,0.6,0.6,0.9,1.5,22,24,64
203,Toti Gomes,pt POR,DF,Wolves,26-104,1999,27,26,"2,254",25,0,1,1,0,0,0,6,0,0.7,0.7,0.9,1.7,21,67,13
204,Diego Gómez,py PAR,MF,Brighton,22-034,2003,12,4,440,4.9,0,0,0,0,0,0,0,0,0.4,0.4,0.5,0.9,5,20,14
205,Joe Gomez,eng ENG,DF,Liverpool,27-342,1997,9,6,519,5.8,0,0,0,0,0,0,1,0,0.3,0.3,0.1,0.4,5,35,2
206,Nicolás González,es ESP,MF,Manchester City,23-117,2002,8,8,647,7.2,0,0,0,0,0,0,3,0,0.3,0.3,0.1,0.3,5,46,10
207,Anthony Gordon,eng ENG,FW,Newcastle Utd,24-065,2001,30,25,"2,200",24.4,6,5,11,5,1,2,2,0,8,6.4,4.9,11.3,109,92,194
208,Ryan Gravenberch,nl NED,MF,Liverpool,22-349,2002,34,34,"2,921",32.5,0,4,4,0,0,0,5,0,1,1,2.9,3.9,65,168,54
209,Archie Gray,eng ENG,"DF,MF",Tottenham,19-049,2006,24,15,"1,391",15.5,0,0,0,0,0,0,0,0,0,0,0.1,0.1,5,32,15
210,Jack Grealish,eng ENG,"FW,MF",Manchester City,29-232,1995,19,7,720,8,1,1,2,1,0,0,3,0,1.1,1.1,1.8,3,69,52,118
211,Jacob Greaves,eng ENG,DF,Ipswich Town,24-230,2000,21,21,"1,845",20.5,1,0,1,1,0,0,5,0,1.2,1.2,0,1.3,6,51,7
212,Brajan Gruda,de GER,"FW,MF",Brighton,20-334,2004,17,6,507,5.6,0,3,3,0,0,0,0,0,0.4,0.4,1.2,1.6,16,17,47
213,Albert Grønbaek,dk DEN,"FW,MF",Southampton,23-342,2001,4,2,143,1.6,0,0,0,0,0,0,0,0,0.1,0.1,0,0.1,1,1,3
214,Gonçalo Guedes,pt POR,"MF,FW",Wolves,28-152,1996,25,7,772,8.6,2,4,6,2,0,0,1,0,2.2,2.2,1.1,3.3,32,30,58
215,Marc Guéhi,eng ENG,DF,Crystal Palace,24-291,2000,32,32,"2,879",32,3,2,5,3,0,0,9,1,1.9,1.9,1.2,3.1,22,126,8
216,Luis Guilherme,br BRA,"MF,FW",West Ham,19-080,2006,11,1,138,1.5,0,0,0,0,0,0,0,0,0.3,0.3,0.1,0.4,3,3,13
217,Bruno Guimarães,br BRA,MF,Newcastle Utd,27-165,1997,34,34,"2,912",32.4,4,6,10,4,0,0,6,0,3.8,3.8,5.6,9.4,53,241,79
218,Marc Guiu,es ESP,FW,Chelsea,19-116,2006,3,0,73,0.8,0,0,0,0,0,0,0,0,0,0,0,0,0,0,3
219,İlkay Gündoğan,de GER,MF,Manchester City,34-188,1990,30,22,"1,967",21.9,0,5,5,0,0,0,1,0,2.7,2.7,2.7,5.5,55,113,81
220,Malo Gusto,fr FRA,DF,Chelsea,21-346,2003,28,19,"1,819",20.2,0,1,1,0,0,0,4,0,1.7,1.7,1.2,2.9,48,118,84
221,Joško Gvardiol,hr CRO,DF,Manchester City,23-097,2002,33,32,"2,917",32.4,5,0,5,5,0,0,2,0,4.4,4,2,6,78,240,96
222,Erling Haaland,no NOR,FW,Manchester City,24-283,2000,28,28,"2,480",27.6,21,3,24,19,2,3,2,0,20.8,18.4,2.8,21.2,19,18,103
223,Lewis Hall,eng ENG,DF,Newcastle Utd,20-234,2004,27,24,"2,189",24.3,0,4,4,0,0,0,3,0,0.4,0.4,4.3,4.7,41,123,80
224,Ali Al Hamadi,iq IRQ,FW,Ipswich Town,23-060,2002,11,0,134,1.5,0,0,0,0,0,0,3,0,0.4,0.4,0.1,0.4,4,3,14
225,Marcus Harness,eng ENG,MF,Ipswich Town,29-065,1996,2,0,45,0.5,0,0,0,0,0,0,0,0,0,0,0,0,0,2,1
226,Jack Harrison,eng ENG,FW,Everton,28-161,1996,30,22,"1,887",21,1,0,1,1,0,0,0,0,3.3,3.3,3.7,7,62,45,116
227,Taylor Harwood-Bellis,eng ENG,DF,Southampton,23-090,2002,31,29,"2,564",28.5,1,0,1,1,0,0,8,0,1.7,1.7,1,2.7,28,116,9
228,Kai Havertz,de GER,"FW,MF",Arsenal,25-323,1999,21,21,"1,839",20.4,9,3,12,9,0,0,4,0,9.4,9.4,2.4,11.8,34,59,110
229,Ayden Heaven,eng ENG,DF,Manchester Utd,18-220,2006,2,1,95,1.1,0,0,0,0,0,0,0,0,0,0,0,0,1,2,1
230,Jan Paul van Hecke,nl NED,DF,Brighton,24-326,2000,30,29,"2,598",28.9,1,1,2,1,0,0,8,1,1.3,1.3,1.5,2.7,53,209,5
231,Hwang Hee-chan,kr KOR,"MF,FW",Wolves,29-094,1996,19,5,645,7.2,2,0,2,2,0,0,0,0,0.8,0.8,0.1,0.9,15,12,40
232,Dean Henderson,eng ENG,GK,Crystal Palace,28-049,1997,34,34,"3,060",34,0,0,0,0,0,0,3,0,0,0,0.1,0.1,0,0,0
233,Rico Henry,eng ENG,DF,Brentford,27-296,1997,2,0,19,0.2,0,0,0,0,0,0,0,0,0,0,0,0,0,1,1
234,Mads Hermansen,dk DEN,GK,Leicester City,24-293,2000,27,27,"2,385",26.5,0,0,0,0,0,0,1,0,0,0,0,0,0,1,0
235,Son Heung-min,kr KOR,FW,Tottenham,32-296,1992,28,23,"2,004",22.3,7,9,16,6,1,2,1,0,7,5.4,8.2,13.7,87,104,259
236,James Hill,eng ENG,DF,Bournemouth,23-110,2002,10,6,448,5,0,1,1,0,0,0,1,0,0.3,0.3,0.3,0.6,3,16,8
237,Jack Hinshelwood,eng ENG,"DF,MF",Brighton,20-019,2005,22,20,"1,676",18.6,2,2,4,2,0,0,5,0,1.5,1.5,1.3,2.8,16,60,46
238,George Hirst,sct SCO,FW,Ipswich Town,26-074,1999,22,3,470,5.2,2,1,3,2,0,0,1,0,1.3,1.3,0.3,1.5,9,12,27
239,Mason Holgate,eng ENG,"FW,DF",Everton,28-190,1996,1,0,6,0.1,0,0,0,0,0,0,0,0,0,0,0,0,0,0,0
240,Callum Hudson-Odoi,eng ENG,"FW,MF",Nott'ham Forest,24-174,2000,28,24,"2,107",23.4,5,2,7,5,0,0,2,0,2.5,2.5,2.7,5.2,126,66,186
241,Will Hughes,eng ENG,MF,Crystal Palace,30-013,1995,29,21,"1,869",20.8,0,3,3,0,0,0,11,0,1,1,2.7,3.7,18,82,24
242,Dean Huijsen,es ESP,DF,Bournemouth,20-016,2005,28,23,"2,144",23.8,2,1,3,2,0,0,8,0,1.7,1.7,2,3.7,36,112,10
243,Omari Hutchinson,eng ENG,"MF,FW",Ipswich Town,21-182,2003,27,26,"2,223",24.7,3,2,5,3,0,0,5,0,2.3,2.3,2.5,4.8,71,69,131
244,Rasmus Højlund,dk DEN,FW,Manchester Utd,22-085,2003,29,20,"1,744",19.4,4,0,4,4,0,0,2,0,3.8,3.8,1.3,5.1,26,16,83
245,Igor,br BRA,DF,Brighton,27-082,1998,12,9,903,10,0,0,0,0,0,0,4,0,0,0,0.2,0.2,9,44,0
246,Danny Ings,eng ENG,"FW,MF",West Ham,32-281,1992,15,1,284,3.2,1,2,3,1,0,0,0,0,2.3,2.3,1.3,3.5,6,5,29
247,Tim Iroegbunam,eng ENG,MF,Everton,21-304,2003,16,5,566,6.3,0,1,1,0,0,0,4,0,0.2,0.2,0.2,0.4,8,14,9
248,Andy Irving,sct SCO,MF,West Ham,24-352,2000,10,1,166,1.8,0,0,0,0,0,0,2,0,0.1,0.1,0.2,0.4,0,9,4
249,Alexander Isak,se SWE,FW,Newcastle Utd,25-221,1999,31,31,"2,487",27.6,22,6,28,19,3,3,1,0,19,16.6,4,20.7,77,77,196
250,Alex Iwobi,ng NGA,"FW,MF",Fulham,28-362,1996,34,32,"2,721",30.2,9,6,15,9,0,0,1,0,4.5,4.5,6.5,11,132,196,221
251,Nicolas Jackson,sn SEN,FW,Chelsea,23-314,2001,28,26,"2,114",23.5,10,5,15,10,0,0,7,0,12.2,12.2,4.3,16.5,46,37,125
252,Reece James,eng ENG,"DF,MF",Chelsea,25-143,1999,15,10,835,9.3,1,0,1,1,0,0,1,0,0.3,0.3,0.5,0.8,6,51,9
253,Vitaly Janelt,de GER,MF,Brentford,26-355,1998,32,27,"2,254",25,1,3,4,1,0,0,3,0,0.8,0.8,2.2,3,17,80,38
254,Vitezslav Jaros,cz CZE,GK,Liverpool,23-281,2001,1,0,12,0.1,0,0,0,0,0,0,0,0,0,0,0,0,0,0,0
255,Daniel Jebbison,eng ENG,FW,Bournemouth,21-260,2003,12,0,76,0.8,0,0,0,0,0,0,1,0,0.2,0.2,0.2,0.4,2,3,11
256,Mathias Jensen,dk DEN,MF,Brentford,29-119,1996,19,8,770,8.6,0,2,2,0,0,0,2,0,0.2,0.2,1.6,1.8,6,55,26
257,Gabriel Jesus,br BRA,FW,Arsenal,28-027,1997,17,6,608,6.8,3,0,3,3,0,0,4,0,3,3,0.7,3.7,15,19,57
258,Raúl Jiménez,mx MEX,FW,Fulham,33-360,1991,34,26,"2,134",23.7,10,3,13,7,3,3,4,0,11.2,8.8,2.9,11.7,32,55,117
259,Kim Jisoo,kr KOR,DF,Brentford,20-127,2004,3,0,30,0.3,0,0,0,0,0,0,0,0,0,0,0,0,0,2,0
260,João Pedro,br BRA,"FW,MF",Brighton,23-216,2001,27,23,"1,948",21.6,10,6,16,5,5,5,4,1,8.9,5,5,10,66,78,128
261,Joelinton,br BRA,"MF,FW",Newcastle Utd,28-259,1996,29,29,"2,393",26.6,4,3,7,4,0,0,10,0,3.9,3.9,2.5,6.4,40,116,110
262,Ben Johnson,eng ENG,"DF,FW",Ipswich Town,25-096,2000,22,14,"1,348",15,1,2,3,1,0,0,5,1,1.1,1.1,1.3,2.3,16,26,33
263,Brennan Johnson,wls WAL,FW,Tottenham,23-342,2001,31,23,"2,083",23.1,11,3,14,11,0,0,5,0,9.8,9.8,2.3,12.1,57,70,194
264,Sam Johnstone,eng ENG,GK,Wolves,32-036,1993,7,7,630,7,0,0,0,0,0,0,0,0,0,0,0,0,0,0,0
265,Curtis Jones,eng ENG,"MF,DF",Liverpool,24-090,2001,29,16,"1,438",16,3,3,6,3,0,0,3,1,4.1,4.1,1,5.1,23,85,67
266,Jorginho,it ITA,MF,Arsenal,33-131,1991,14,9,703,7.8,0,0,0,0,0,0,5,0,0.1,0.1,0.4,0.5,12,48,6
267,Diogo Jota,pt POR,FW,Liverpool,28-147,1996,23,13,"1,097",12.2,6,3,9,6,0,0,2,0,7.3,7.3,1.8,9.2,36,33,86
268,James Justin,eng ENG,DF,Leicester City,27-066,1998,32,30,"2,579",28.7,2,1,3,2,0,0,5,0,1.5,1.5,0.6,2.1,37,86,92
269,Filip Jørgensen,dk DEN,GK,Chelsea,23-014,2002,6,6,540,6,0,0,0,0,0,0,0,0,0,0,0,0,0,0,0
270,Ferdi Kadioglu,tr TUR,"DF,MF",Brighton,25-205,1999,6,5,385,4.3,1,0,1,1,0,0,1,0,0.4,0.4,0.2,0.6,1,15,27
271,Daichi Kamada,jp JPN,MF,Crystal Palace,28-268,1996,30,13,"1,338",14.9,0,0,0,0,0,0,3,1,1,1,1.8,2.8,23,73,52
272,Boubacar Kamara,fr FRA,MF,Aston Villa,25-158,1999,22,16,"1,373",15.3,0,0,0,0,0,0,2,0,0.4,0.4,0.9,1.3,16,72,5
273,Michael Kayode,it ITA,DF,Brentford,20-294,2004,7,1,128,1.4,0,0,0,0,0,0,1,0,0,0,0.2,0.2,3,2,10
274,Michael Keane,eng ENG,DF,Everton,32-109,1993,11,9,852,9.5,2,0,2,2,0,0,5,0,0.4,0.4,0.1,0.5,1,12,3
275,Caoimhín Kelleher,ie IRL,GK,Liverpool,26-158,1998,10,10,900,10,0,0,0,0,0,0,0,0,0,0,0,0,0,0,0
276,Lloyd Kelly,eng ENG,DF,Newcastle Utd,26-206,1998,10,4,303,3.4,0,1,1,0,0,0,2,0,0.4,0.4,0.5,0.9,0,9,5
277,Milos Kerkez,hu HUN,DF,Bournemouth,21-174,2003,34,34,"2,987",33.2,2,5,7,2,0,0,4,0,0.5,0.5,3.4,3.9,93,143,163
278,Bilal El Khannouss,ma MAR,MF,Leicester City,20-355,2004,29,24,"1,920",21.3,2,2,4,2,0,0,4,0,0.9,0.9,3.2,4.1,61,118,77
279,Abdukodir Khusanov,uz UZB,DF,Manchester City,21-060,2004,6,6,503,5.6,0,0,0,0,0,0,1,0,0,0,0.1,0.1,1,25,2
280,Max Kilman,eng ENG,DF,West Ham,27-342,1997,34,34,"2,988",33.2,0,1,1,0,0,0,4,0,1.4,1.4,1.2,2.6,29,106,6
281,Joshua King,eng ENG,"MF,FW",Fulham,18-117,2007,5,1,80,0.9,0,0,0,0,0,0,0,0,0.2,0.2,0.4,0.6,1,4,9
282,Antonín Kinský,cz CZE,GK,Tottenham,22-048,2003,4,4,360,4,0,0,0,0,0,0,0,0,0,0,0.1,0.1,1,1,0
283,Jakub Kiwior,pl POL,DF,Arsenal,25-074,2000,13,6,762,8.5,1,0,1,1,0,0,0,0,0.2,0.2,0.3,0.4,5,35,0
284,Justin Kluivert,nl NED,"MF,FW",Bournemouth,25-360,1999,30,26,"2,097",23.3,12,6,18,6,6,6,8,0,9.9,5.2,4.8,10,72,95,146
285,Ibrahima Konaté,fr FRA,DF,Liverpool,25-340,1999,28,27,"2,320",25.8,1,2,3,1,0,0,5,0,1.7,1.7,1,2.7,21,103,3
286,Ezri Konsa,eng ENG,DF,Aston Villa,27-189,1997,30,29,"2,576",28.6,1,0,1,1,0,0,0,0,0.9,0.9,0.4,1.3,16,73,11
287,Mateo Kovačić,hr CRO,MF,Manchester City,30-359,1994,28,22,"1,960",21.8,6,1,7,6,0,0,5,0,1.7,1.7,3.5,5.2,51,142,15
288,Caleb Kporha,eng ENG,DF,Crystal Palace,18-289,2006,2,0,13,0.1,0,0,0,0,0,0,0,0,0,0,0,0,1,0,0
289,Emil Krafth,se SWE,DF,Newcastle Utd,30-271,1994,9,2,288,3.2,0,0,0,0,0,0,0,0,0,0,0.1,0.1,3,7,1
290,Mohammed Kudus,gh GHA,"FW,MF",West Ham,24-271,2000,28,28,"2,331",25.9,4,2,6,4,0,0,1,1,6.5,6.5,2.3,8.8,88,74,194
291,Dejan Kulusevski,se SWE,"MF,FW",Tottenham,25-005,2000,30,25,"2,281",25.3,7,4,11,7,0,0,3,0,4.2,4.2,6.1,10.3,118,122,207
292,Maxence Lacroix,fr FRA,DF,Crystal Palace,25-024,2000,31,31,"2,756",30.6,1,1,2,1,0,0,5,0,2.8,2.8,0.8,3.6,8,59,7
293,Adam Lallana,eng ENG,MF,Southampton,36-355,1988,14,5,361,4,0,2,2,0,0,0,4,0,0.2,0.2,0.9,1.1,6,24,10
294,Tariq Lamptey,gh GHA,DF,Brighton,24-212,2000,13,9,765,8.5,2,2,4,2,0,0,0,0,0.4,0.4,0.8,1.2,25,12,40
295,Will Lankshear,eng ENG,"FW,MF",Tottenham,20-010,2005,3,0,11,0.1,0,0,0,0,0,0,0,0,0,0,0,0,0,0,1
296,Roméo Lavia,be BEL,MF,Chelsea,21-114,2004,12,9,607,6.7,0,1,1,0,0,0,4,0,0.2,0.2,0.7,0.9,3,23,6
297,Mario Lemina,ga GAB,"MF,DF",Wolves,31-241,1993,17,15,"1,364",15.2,1,3,4,1,0,0,4,0,1.4,1.4,1.1,2.5,8,48,21
298,Bernd Leno,de GER,GK,Fulham,33-057,1992,34,34,"3,060",34,0,1,1,0,0,0,4,0,0,0,0.1,0.1,0,0,0
299,Jefferson Lerma,co COL,"MF,DF",Crystal Palace,30-187,1994,29,23,"2,030",22.6,0,1,1,0,0,0,8,0,1,1,1.5,2.5,11,86,24
300,Rico Lewis,eng ENG,"DF,MF",Manchester City,20-160,2004,26,20,"1,810",20.1,1,2,3,1,0,0,5,1,1.4,1.4,0.3,1.7,36,103,68
301,Keane Lewis-Potter,eng ENG,"DF,FW",Brentford,24-067,2001,33,31,"2,714",30.2,1,3,4,1,0,0,5,0,2.6,2.6,3,5.6,92,88,143
302,Myles Lewis-Skelly,eng ENG,DF,Arsenal,18-216,2006,19,12,"1,078",12,1,0,1,1,0,0,2,2,0.1,0.1,0.3,0.5,29,57,32
303,Matthijs de Ligt,nl NED,DF,Manchester Utd,25-261,1999,28,24,"2,089",23.2,2,0,2,2,0,0,3,0,2.5,2.5,0.3,2.8,7,55,6
304,Pedro Lima,br BRA,DF,Wolves,18-303,2006,3,1,70,0.8,0,0,0,0,0,0,0,0,0.1,0.1,0.1,0.1,4,4,11
305,Victor Lindelöf,se SWE,DF,Manchester Utd,30-287,1994,12,4,470,5.2,0,0,0,0,0,0,1,0,0,0,0.1,0.1,1,9,1
306,Jesper Lindstrøm,dk DEN,FW,Everton,25-060,2000,25,15,"1,239",13.8,0,1,1,0,0,0,2,0,2.1,2.1,2,4.1,30,25,81
307,Valentino Livramento,eng ENG,DF,Newcastle Utd,22-169,2002,33,28,"2,480",27.6,0,1,1,0,0,0,1,0,0.2,0.2,2.3,2.6,72,136,91
308,Sean Longstaff,eng ENG,MF,Newcastle Utd,27-182,1997,24,8,797,8.9,0,0,0,0,0,0,2,0,0.6,0.6,0.2,0.8,4,40,22
309,Saša Lukić,rs SRB,MF,Fulham,28-260,1996,27,25,"2,079",23.1,0,2,2,0,0,0,12,0,1,1,2.6,3.6,37,87,29
310,Joe Lumley,eng ENG,GK,Southampton,30-074,1995,3,3,270,3,0,0,0,0,0,0,0,0,0,0,0,0,0,0,0
311,Massimo Luongo,au AUS,MF,Ipswich Town,32-217,1992,9,2,196,2.2,0,0,0,0,0,0,0,0,0,0,0,0,0,5,1
312,Ian Maatsen,nl NED,DF,Aston Villa,23-051,2002,25,7,887,9.9,1,2,3,1,0,0,2,0,0.7,0.7,2.7,3.4,26,39,84
313,Alexis Mac Allister,ar ARG,MF,Liverpool,26-127,1998,33,30,"2,553",28.4,5,4,9,5,0,0,6,0,2.8,2.8,4.4,7.3,34,170,78
314,James Maddison,eng ENG,MF,Tottenham,28-158,1996,31,21,"1,809",20.1,9,7,16,9,0,0,6,0,5.8,5.8,4.2,10,45,164,95
315,Noni Madueke,eng ENG,FW,Chelsea,23-051,2002,28,23,"1,723",19.1,7,3,10,7,0,0,3,0,8.2,8.2,3.9,12.1,133,63,208
316,Gabriel Magalhães,br BRA,DF,Arsenal,27-132,1997,28,28,"2,363",26.3,3,1,4,3,0,0,4,0,2.6,2.6,0.9,3.5,10,126,11
317,Edmond-Paris Maghoma,eng ENG,"MF,FW",Brentford,23-357,2001,8,0,119,1.3,0,0,0,0,0,0,0,0,0.1,0.1,0.1,0.2,4,13,4
318,Harry Maguire,eng ENG,DF,Manchester Utd,32-056,1993,23,17,"1,483",16.5,1,0,1,1,0,0,7,0,1.4,1.4,0.3,1.7,6,43,6
319,Kobbie Mainoo,eng ENG,MF,Manchester Utd,20-011,2005,21,17,"1,416",15.7,0,0,0,0,0,0,5,0,0.6,0.6,1.6,2.2,21,56,38
320,Tyrell Malacia,nl NED,DF,Manchester Utd,25-256,1999,3,2,100,1.1,0,0,0,0,0,0,1,0,0,0,0,0,3,3,6
321,Donyell Malen,nl NED,FW,Aston Villa,26-111,1999,11,2,273,3,3,0,3,3,0,0,0,0,1.7,1.7,0.1,1.7,9,5,23
322,Orel Mangala,be BEL,MF,Everton,27-043,1998,19,14,"1,261",14,1,0,1,1,0,0,2,0,1.1,1.1,0.6,1.8,6,34,19
323,Ryan Manning,ie IRL,"DF,MF",Southampton,28-320,1996,22,17,"1,369",15.2,0,1,1,0,0,0,2,0,0.3,0.3,3,3.4,13,32,70
324,Solly March,eng ENG,"FW,MF",Brighton,30-284,1994,8,1,168,1.9,0,0,0,0,0,0,2,0,0.1,0.1,0.3,0.4,5,2,20
325,Omar Marmoush,eg EGY,"FW,MF",Manchester City,26-082,1999,12,11,916,10.2,6,0,6,6,0,0,0,0,4.7,4.7,1.7,6.4,20,26,63
326,Gabriel Martinelli,br BRA,"FW,MF",Arsenal,23-316,2001,29,21,"1,956",21.7,7,4,11,7,0,0,1,0,5.9,5.9,4.5,10.3,106,44,259
327,Emiliano Martínez,ar ARG,GK,Aston Villa,32-240,1992,33,33,"2,880",32,0,0,0,0,0,0,4,0,0,0,0.5,0.5,0,3,0
328,Lisandro Martínez,ar ARG,DF,Manchester Utd,27-102,1998,20,20,"1,751",19.5,2,1,3,2,0,0,7,0,1.3,1.3,1.1,2.4,23,117,7
329,Pape Matar Sarr,sn SEN,MF,Tottenham,22-228,2002,32,18,"1,636",18.2,3,2,5,3,0,0,6,0,3.3,3.3,1.5,4.8,29,79,50
330,Jean-Philippe Mateta,fr FRA,FW,Crystal Palace,27-306,1997,33,30,"2,442",27.1,14,2,16,12,2,2,2,0,12.1,10.5,3.1,13.6,37,46,114
331,Stephy Mavididi,eng ENG,FW,Leicester City,26-334,1998,30,16,"1,615",17.9,4,1,5,4,0,0,2,0,1.8,1.8,2.6,4.4,91,57,138
332,Konstantinos Mavropanos,gr GRE,DF,West Ham,27-140,1997,30,20,"1,944",21.6,0,0,0,0,0,0,6,1,1.5,1.5,0.5,2,16,60,2
333,Noussair Mazraoui,ma MAR,DF,Manchester Utd,27-167,1997,34,31,"2,639",29.3,0,1,1,0,0,0,2,0,0.7,0.7,1.3,2,37,102,51
334,Bryan Mbeumo,cm CMR,FW,Brentford,25-266,1999,33,33,"2,964",32.9,18,6,24,13,5,5,2,0,10.6,6.6,7.8,14.5,110,125,300
335,James Mcatee,eng ENG,"MF,FW",Manchester City,22-194,2002,13,2,297,3.3,3,0,3,3,0,0,1,0,2.8,2.8,0.3,3.1,7,6,25
336,Kasey McAteer,ie IRL,"FW,MF",Leicester City,23-159,2001,14,5,529,5.9,0,1,1,0,0,0,2,0,0.6,0.6,0.5,1.1,14,10,48
337,Alex McCarthy,eng ENG,GK,Southampton,35-148,1989,5,5,450,5,0,0,0,0,0,0,0,0,0,0,0,0,0,0,0
338,John McGinn,sct SCO,"MF,FW",Aston Villa,30-194,1994,30,24,"1,992",22.1,1,3,4,1,0,0,7,0,2.9,2.6,3.4,6,30,90,70
339,Dwight McNeil,eng ENG,"MF,FW",Everton,25-159,1999,17,13,"1,185",13.2,3,4,7,3,0,0,1,0,1.1,1.1,3.8,4.8,32,61,68
340,Scott McTominay,sct SCO,MF,Manchester Utd,28-143,1996,2,0,19,0.2,0,0,0,0,0,0,0,0,0.1,0.1,0,0.1,0,1,2
341,Ben Mee,eng ENG,DF,Brentford,35-221,1989,7,2,183,2,0,0,0,0,0,0,2,0,0,0,0,0,3,11,2
342,Jayden Meghoma,eng ENG,DF,Brentford,18-306,2006,1,0,5,0.1,0,0,0,0,0,0,0,0,0,0,0,0,0,0,0
343,Mikel Merino,es ESP,"MF,FW",Arsenal,28-312,1996,25,15,"1,401",15.6,6,2,8,6,0,0,2,0,4.4,4.4,1.9,6.3,9,61,86
344,Shumaira Mheuka,eng ENG,MF,Chelsea,17-192,2007,1,0,1,0,0,0,0,0,0,0,0,0,0.1,0.1,0,0.1,0,0,0
345,Nikola Milenković,rs SRB,DF,Nott'ham Forest,27-200,1997,32,32,"2,880",32,4,2,6,4,0,0,4,0,3.6,3.6,0.8,4.4,3,47,6
346,Lewis Miley,eng ENG,MF,Newcastle Utd,18-364,2006,12,1,249,2.8,1,0,1,1,0,0,0,0,0.5,0.5,0,0.6,2,14,7
347,James Milner,eng ENG,MF,Brighton,39-116,1986,3,3,169,1.9,0,0,0,0,0,0,1,0,0.2,0.2,0.2,0.4,1,10,10
348,Tyrone Mings,eng ENG,DF,Aston Villa,32-048,1993,13,11,"1,051",11.7,0,0,0,0,0,0,1,0,0.8,0.8,0.2,1,6,39,0
349,Yankuba Minteh,gm GAM,"FW,MF",Brighton,20-282,2004,28,16,"1,498",16.6,5,4,9,5,0,0,6,0,3.7,3.7,4.7,8.4,68,37,159
350,Tyrick Mitchell,eng ENG,DF,Crystal Palace,25-241,1999,34,34,"2,852",31.7,0,4,4,0,0,0,2,0,1.2,1.2,5.6,6.8,56,62,160
351,Kaoru Mitoma,jp JPN,"FW,MF",Brighton,27-345,1997,33,28,"2,521",28,9,3,12,9,0,0,1,0,8.8,8.8,4.4,13.2,138,82,277
352,Jakub Moder,pl POL,MF,Brighton,26-023,1999,4,0,11,0.1,0,0,0,0,0,0,0,0,0,0,0.2,0.2,2,4,0
353,Jeremy Monga,,FW,Leicester City,,,3,0,31,0.3,0,0,0,0,0,0,0,0,0,0,0,0,1,1,4
354,Mikey Moore,eng ENG,"FW,MF",Tottenham,17-262,2007,7,2,185,2.1,0,1,1,0,0,0,0,0,0.2,0.2,0.3,0.5,9,7,30
355,Morato,br BRA,DF,Nott'ham Forest,23-304,2001,23,5,799,8.9,0,0,0,0,0,0,2,0,0.2,0.2,0,0.2,0,14,1
356,Álex Moreno,es ESP,"DF,MF",Nott'ham Forest,31-326,1993,15,11,955,10.6,0,1,1,0,0,0,2,0,0.2,0.2,1.3,1.4,26,34,34
357,Sam Morsy,eg EGY,MF,Ipswich Town,33-232,1991,29,27,"2,419",26.9,1,1,2,1,0,0,9,0,0.3,0.3,0.8,1.2,14,103,9
358,Yerson Mosquera,co COL,DF,Wolves,23-363,2001,5,5,441,4.9,0,0,0,0,0,0,2,0,0.3,0.3,0.1,0.4,0,7,0
359,Mason Mount,eng ENG,"MF,FW",Manchester Utd,26-110,1999,13,4,374,4.2,0,0,0,0,0,0,3,0,1.5,1.5,0.2,1.7,9,18,20
360,Divin Mubama,eng ENG,FW,Manchester City,20-187,2004,1,0,28,0.3,0,0,0,0,0,0,0,0,0,0,0,0,0,1,0
361,Mykhailo Mudryk,ua UKR,FW,Chelsea,24-115,2001,7,1,151,1.7,0,0,0,0,0,0,0,0,0.3,0.3,1,1.2,7,5,12
362,Marshall Munetsi,zw ZIM,"MF,FW",Wolves,28-312,1996,10,9,788,8.8,1,1,2,1,0,0,0,0,3,3,1.5,4.5,5,8,24
363,Rodrigo Muniz,br BRA,FW,Fulham,23-361,2001,31,8,964,10.7,8,1,9,8,0,0,1,0,5.8,5.8,0.7,6.5,6,27,31
364,Daniel Muñoz,co COL,DF,Crystal Palace,28-339,1996,33,33,"2,868",31.9,4,4,8,4,0,0,9,0,4.6,4.6,4.4,9,49,83,183
365,Arijanet Muric,xk KVX,GK,Ipswich Town,26-174,1998,18,18,"1,620",18,0,0,0,0,0,0,1,0,0,0,0,0,0,1,0
366,Murillo,br BRA,DF,Nott'ham Forest,22-300,2002,32,32,"2,838",31.5,1,0,1,1,0,0,5,0,1.2,1.2,1.1,2.3,19,100,4
367,Jacob Murphy,eng ENG,FW,Newcastle Utd,30-065,1995,31,27,"2,084",23.2,8,11,19,8,0,0,3,0,5.6,5.6,8.1,13.7,69,63,210
368,Vitaliy Mykolenko,ua UKR,DF,Everton,25-336,1999,31,31,"2,722",30.2,0,1,1,0,0,0,2,0,0.4,0.4,1.6,2.1,31,102,83
369,Iliman Ndiaye,sn SEN,FW,Everton,25-055,2000,29,26,"2,162",24,7,0,7,5,2,2,3,0,5.2,3.6,1.6,5.2,79,45,106
370,Wilfred Ndidi,ng NGA,MF,Leicester City,28-135,1996,25,25,"2,057",22.9,0,4,4,0,0,0,8,0,1.8,1.8,1.8,3.7,16,64,74
371,Kosta Nedeljković,rs SRB,DF,Aston Villa,19-135,2005,5,0,126,1.4,0,0,0,0,0,0,0,0,0,0,0,0,1,6,0
372,Reiss Nelson,eng ENG,FW,Arsenal,25-141,1999,1,0,3,0,0,0,0,0,0,0,0,0,0,0,0,0,0,0,0
373,Reiss Nelson,eng ENG,FW,Fulham,25-141,1999,11,5,487,5.4,1,1,2,1,0,0,1,0,1.1,1.1,1,2.1,45,35,63
374,Neto,br BRA,GK,Bournemouth,35-285,1989,2,2,180,2,0,0,0,0,0,0,0,0,0,0,0,0,0,0,0
375,Pedro Neto,pt POR,FW,Chelsea,25-052,2000,31,20,"1,923",21.4,4,4,8,4,0,0,8,0,2.8,2.8,5.4,8.2,110,56,220
376,Eddie Nketiah,eng ENG,"FW,MF",Crystal Palace,25-335,1999,25,8,880,9.8,1,1,2,1,0,0,5,1,4.3,4.3,1.5,5.8,37,17,65
377,Christopher Nkunku,fr FRA,FW,Chelsea,27-167,1997,27,9,921,10.2,3,2,5,3,0,0,2,0,4.8,4.8,2.1,6.9,17,25,68
378,Gustavo Nunes,br BRA,"MF,FW",Brentford,19-161,2005,2,0,2,0,0,0,0,0,0,0,0,0,0,0,0,0,0,0,0
379,Matheus Nunes,pt POR,"DF,MF",Manchester City,26-246,1998,23,16,"1,404",15.6,1,5,6,1,0,0,4,0,0.9,0.9,4.2,5.1,56,66,151
380,Darwin Núñez,uy URU,FW,Liverpool,25-310,1999,26,8,"1,018",11.3,5,2,7,5,0,0,8,0,5,5,1.2,6.2,22,27,67
381,Ethan Nwaneri,eng ENG,"FW,MF",Arsenal,18-040,2007,24,10,816,9.1,4,2,6,4,0,0,1,0,1.1,1.1,1,2.2,44,30,101
382,Christian Nørgaard,dk DEN,MF,Brentford,31-051,1994,29,29,"2,369",26.3,5,2,7,5,0,0,5,1,3.6,3.6,0.8,4.4,12,122,34
383,Jake O'Brien,ie IRL,DF,Everton,23-350,2001,17,14,"1,301",14.5,2,0,2,2,0,0,4,0,0.7,0.7,0.6,1.3,7,41,24
384,Matt O'Riley,dk DEN,MF,Brighton,24-160,2000,17,9,758,8.4,1,1,2,1,0,0,1,0,2,2,1.5,3.5,17,33,45
385,Dara O'Shea,ie IRL,DF,Ipswich Town,26-057,1999,31,31,"2,762",30.7,0,2,2,0,0,0,6,0,1.1,1.1,0.5,1.7,3,70,7
386,Chidozie Obi-Martin,dk DEN,FW,Manchester Utd,17-152,2007,5,0,65,0.7,0,0,0,0,0,0,1,0,0.3,0.3,0,0.3,2,1,8
387,Wilson Odobert,fr FRA,FW,Tottenham,20-153,2004,12,6,539,6,0,0,0,0,0,0,0,0,0.7,0.7,0.9,1.6,38,19,54
388,Chiedozie Ogbene,ie IRL,FW,Ipswich Town,27-364,1997,5,3,238,2.6,0,0,0,0,0,0,0,0,0,0,0.1,0.1,7,0,15
389,Caleb Okoli,it ITA,DF,Leicester City,23-291,2001,18,12,"1,124",12.5,1,0,1,1,0,0,4,0,0.6,0.6,0,0.6,3,32,2
390,Robin Olsen,se SWE,GK,Aston Villa,35-112,1990,3,1,180,2,0,0,0,0,0,0,0,0,0,0,0,0,0,0,0
391,Amadou Onana,be BEL,MF,Aston Villa,23-257,2001,22,17,"1,348",15,3,0,3,3,0,0,4,0,2.1,2.1,0.3,2.4,20,58,13
392,André Onana,cm CMR,GK,Manchester Utd,29-028,1996,33,33,"2,970",33,0,0,0,0,0,0,0,0,0,0,0.2,0.2,0,1,0
393,Paul Onuachu,ng NGA,FW,Southampton,30-337,1994,23,11,984,10.9,4,1,5,4,0,0,4,0,3.3,3.3,0.5,3.8,7,12,39
394,Frank Onyeka,ng NGA,MF,Brentford,27-119,1998,2,0,25,0.3,0,0,0,0,0,0,0,0,0,0,0,0,0,1,0
395,Lewis Orford,eng ENG,MF,West Ham,19-071,2006,2,0,49,0.5,0,0,0,0,0,0,0,0,0,0,0,0,0,0,1
396,Stefan Ortega,de GER,GK,Manchester City,32-175,1992,13,12,"1,100",12.2,0,0,0,0,0,0,1,0,0,0,0,0,0,0,0
397,William Osula,dk DEN,FW,Newcastle Utd,21-269,2003,12,0,104,1.2,1,0,1,1,0,0,0,0,0.1,0.1,0.1,0.2,2,2,12
398,Dango Ouattara,bf BFA,FW,Bournemouth,23-078,2002,31,20,"1,932",21.5,7,4,11,7,0,0,2,0,8.4,8.4,5.2,13.6,77,41,187
399,Nico O’Reilly,eng ENG,DF,Manchester City,20-040,2005,7,5,456,5.1,2,0,2,2,0,0,0,0,1.2,1.2,0.4,1.5,15,13,23
400,Alex Palmer,eng ENG,GK,Ipswich Town,28-263,1996,10,10,900,10,0,0,0,0,0,0,2,0,0,0,0,0,0,1,0
401,Cole Palmer,eng ENG,MF,Chelsea,22-359,2002,33,32,"2,831",31.5,14,8,22,11,3,4,6,0,15.8,12.7,9.3,22,103,194,165
402,Emerson Palmieri,it ITA,DF,West Ham,30-270,1994,29,25,"2,015",22.4,2,1,3,2,0,0,5,0,2,2,1.5,3.4,44,64,82
403,Lucas Paquetá,br BRA,"MF,FW",West Ham,27-246,1997,30,26,"2,257",25.1,4,0,4,2,2,2,8,0,5.2,3.6,3,6.6,20,140,82
404,Thomas Partey,gh GHA,"MF,DF",Arsenal,31-321,1993,31,27,"2,437",27.1,4,2,6,4,0,0,4,0,2,2,1.9,4,31,165,45
405,Nathan Patterson,sct SCO,DF,Everton,23-196,2001,9,2,266,3,0,0,0,0,0,0,0,0,0.1,0.1,0.3,0.4,5,9,10
406,Andreas Pereira,br BRA,MF,Fulham,29-119,1996,31,23,"1,879",20.9,2,4,6,2,0,1,7,0,3.5,2.7,4.5,7.2,27,99,78
407,Ricardo Pereira,pt POR,DF,Leicester City,31-206,1993,8,4,342,3.8,0,0,0,0,0,0,1,0,0.1,0.1,0,0.1,3,14,5
408,Kalvin Phillips,eng ENG,MF,Ipswich Town,29-149,1995,18,14,"1,214",13.5,0,0,0,0,0,0,6,1,0.4,0.4,0.2,0.6,4,49,4
409,Jaden Philogene Bidace,eng ENG,"FW,MF",Aston Villa,23-081,2002,11,2,332,3.7,0,0,0,0,0,0,4,1,0.5,0.5,0.3,0.8,7,4,17
410,Jaden Philogene Bidace,eng ENG,"FW,DF",Ipswich Town,23-081,2002,10,5,474,5.3,2,0,2,2,0,0,1,0,2,2,0.2,2.2,13,10,36
411,Jordan Pickford,eng ENG,GK,Everton,31-054,1994,34,34,"3,060",34,0,1,1,0,0,0,7,0,0,0,0.4,0.4,0,0,0
412,Ethan Pinnock,jm JAM,DF,Brentford,31-336,1993,22,21,"1,913",21.3,2,0,2,2,0,0,2,0,1.1,1.1,1.2,2.3,3,41,9
413,Daniel Podence,pt POR,"MF,FW",Wolves,29-191,1995,2,0,48,0.5,0,0,0,0,0,0,0,0,0,0,0,0,1,2,3
414,Alfie Pond,eng ENG,DF,Wolves,21-060,2004,1,0,1,0,0,0,0,0,0,0,0,0,0,0,0,0,0,0,0
415,Nick Pope,eng ENG,GK,Newcastle Utd,33-011,1992,24,24,"2,160",24,0,0,0,0,0,0,2,0,0,0,0,0,0,1,0
416,Pedro Porro,es ESP,DF,Tottenham,25-229,1999,31,26,"2,463",27.4,2,6,8,2,0,0,4,0,1.5,1.5,4,5.5,63,147,106
417,Jarell Quansah,eng ENG,DF,Liverpool,22-091,2003,11,2,315,3.5,0,0,0,0,0,0,1,0,0.1,0.1,0.1,0.2,2,12,4
418,Hákon Rafn Valdimarsson,is ISL,GK,Brentford,23-199,2001,2,1,145,1.6,0,0,0,0,0,0,0,0,0,0,0,0,0,0,0
419,Aaron Ramsdale,eng ENG,GK,Southampton,26-351,1998,26,26,"2,340",26,0,0,0,0,0,0,2,0,0,0,0,0,0,0,0
420,Jacob Ramsey,eng ENG,"FW,MF",Aston Villa,23-337,2001,26,18,"1,485",16.5,1,3,4,1,0,0,2,0,1.4,1.4,2.1,3.5,57,64,103
421,Marcus Rashford,eng ENG,"FW,MF",Manchester Utd,27-181,1997,15,12,978,10.9,4,1,5,4,0,0,2,0,1.7,1.7,2.1,3.8,20,21,79
422,Marcus Rashford,eng ENG,FW,Aston Villa,27-181,1997,10,4,444,4.9,2,2,4,1,1,1,0,0,3.1,2.3,2.3,4.5,22,13,42
423,David Raya,es ESP,GK,Arsenal,29-227,1995,34,34,"3,060",34,0,0,0,0,0,0,2,0,0,0,0,0,0,12,0
424,Harrison Reed,eng ENG,MF,Fulham,30-093,1995,11,0,93,1,0,0,0,0,0,0,2,0,0.2,0.2,0.1,0.3,1,4,7
425,Remy Rees-Dottin,eng ENG,FW,Bournemouth,19-055,2006,1,0,1,0,0,0,0,0,0,0,0,0,0,0,0,0,0,0,0
426,Sergio Reguilón,es ESP,DF,Tottenham,28-135,1996,3,0,123,1.4,0,0,0,0,0,0,2,0,0.1,0.1,0,0.1,4,12,10
427,Vitor Reis,br BRA,DF,Manchester City,19-108,2006,1,0,1,0,0,0,0,0,0,0,0,0,0,0,0,0,0,0,0
428,Chadi Riad,ma MAR,DF,Crystal Palace,21-317,2003,1,1,90,1,0,0,0,0,0,0,0,0,0,0,0,0,2,7,0
429,Declan Rice,eng ENG,MF,Arsenal,26-106,1999,32,30,"2,572",28.6,2,7,9,2,0,0,7,1,2.7,2.7,6.5,9.1,87,175,88
430,Chris Richards,us USA,DF,Crystal Palace,25-033,2000,20,18,"1,562",17.4,1,0,1,1,0,0,4,1,1.2,1.2,0.1,1.3,5,34,1
431,Richarlison,br BRA,FW,Tottenham,27-355,1997,12,3,408,4.5,4,1,5,4,0,0,2,0,3.6,3.6,0.9,4.5,8,10,19
432,Andrew Robertson,sct SCO,DF,Liverpool,31-050,1994,31,27,"2,308",25.6,0,0,0,0,0,0,3,1,1,1,4.1,5.1,58,165,95
433,Antonee Robinson,us USA,DF,Fulham,27-265,1997,33,32,"2,899",32.2,0,10,10,0,0,0,8,0,0.7,0.7,4.1,4.8,110,120,257
434,Jay Robinson,eng ENG,MF,Southampton,18-046,2007,1,0,2,0,0,0,0,0,0,0,0,0,0,0,0,0,1,0,0
435,Rodri,es ESP,MF,Manchester City,28-312,1996,2,1,65,0.7,0,0,0,0,0,0,0,0,0,0,0,0,0,4,1
436,Guido Rodríguez,ar ARG,MF,West Ham,31-018,1994,20,14,"1,018",11.3,0,0,0,0,0,0,5,0,0.2,0.2,0.1,0.3,2,31,5
437,Mads Roerslev,dk DEN,DF,Brentford,25-310,1999,19,11,"1,101",12.2,0,2,2,0,0,0,2,0,0.2,0.2,3,3.2,17,51,54
438,Morgan Rogers,eng ENG,"FW,MF",Aston Villa,22-278,2002,33,33,"2,763",30.7,8,8,16,8,0,0,9,0,6.1,6.1,6.9,13,102,113,171
439,Cristian Romero,ar ARG,DF,Tottenham,27-003,1998,18,18,"1,416",15.7,1,0,1,1,0,0,3,0,1.6,1.6,0.6,2.2,12,71,3
440,Georginio Rutter,fr FRA,"MF,FW",Brighton,23-010,2002,28,19,"1,656",18.4,5,3,8,5,0,0,2,0,4.6,4.6,2.5,7.1,42,67,79
441,José Sá,pt POR,GK,Wolves,32-103,1993,26,26,"2,340",26,0,0,0,0,0,0,2,0,0,0,0.1,0.1,0,2,0
442,Bukayo Saka,eng ENG,"FW,MF",Arsenal,23-237,2001,21,17,"1,454",16.2,6,10,16,5,1,1,3,0,5.9,5.1,6.7,11.8,79,61,222
443,Mohamed Salah,eg EGY,FW,Liverpool,32-319,1992,34,34,"3,011",33.5,28,18,46,19,9,9,1,0,23.9,16.9,12.8,29.7,142,129,425
444,William Saliba,fr FRA,DF,Arsenal,24-037,2001,32,32,"2,814",31.3,2,0,2,2,0,0,2,1,2.3,2.3,0.9,3.1,16,134,6
445,Robert Sánchez,es ESP,GK,Chelsea,27-163,1997,28,28,"2,520",28,0,0,0,0,0,0,5,0,0,0,0.1,0.1,0,1,0
446,Jadon Sancho,eng ENG,FW,Chelsea,25-036,2000,28,18,"1,668",18.5,3,4,7,3,0,0,1,0,2,2,3.4,5.4,96,86,214
447,Ibrahim Sangaré,ci CIV,MF,Nott'ham Forest,27-149,1997,8,3,279,3.1,0,1,1,0,0,0,2,0,0,0,0.4,0.4,0,12,2
448,Pablo Sarabia,es ESP,"MF,FW",Wolves,32-354,1992,20,6,690,7.7,3,2,5,3,0,0,3,0,2.9,2.9,1.6,4.5,12,48,51
449,Jeremy Sarmiento,ec ECU,MF,Brighton,22-318,2002,1,0,9,0.1,0,0,0,0,0,0,0,0,0,0,0,0,0,0,2
450,Ismaila Sarr,sn SEN,"MF,FW",Crystal Palace,27-064,1998,34,26,"2,392",26.6,7,4,11,7,0,0,4,0,8.7,8.7,7,15.7,67,76,164
451,Sávio,br BRA,"FW,MF",Manchester City,21-020,2004,27,21,"1,734",19.3,1,8,9,1,0,0,3,0,4.9,4.9,6.8,11.6,133,66,239
452,Oliver Scarles,eng ENG,DF,West Ham,19-139,2005,14,6,594,6.6,0,0,0,0,0,0,1,0,0.1,0.1,0,0.1,11,21,39
453,Dane Scarlett,eng ENG,"FW,MF",Tottenham,21-037,2004,3,0,34,0.4,0,1,1,0,0,0,0,0,0,0,0,0.1,1,1,1
454,Kevin Schade,de GER,FW,Brentford,23-154,2001,33,21,"1,931",21.5,7,2,9,7,0,0,3,0,6.2,6.2,3.3,9.5,54,32,139
455,Fabian Schär,ch SUI,DF,Newcastle Utd,33-131,1991,30,29,"2,575",28.6,4,0,4,4,0,0,7,1,2.1,2.1,0.4,2.5,14,95,17
456,Jeffrey Schlupp,gh GHA,"MF,DF",Crystal Palace,32-128,1992,12,0,103,1.1,0,0,0,0,0,0,0,0,0.2,0.2,0.2,0.3,4,5,9
457,Alex Scott,eng ENG,MF,Bournemouth,21-252,2003,17,7,683,7.6,0,0,0,0,0,0,2,0,0.7,0.7,0.8,1.5,14,48,32
458,Matz Sels,be BEL,GK,Nott'ham Forest,33-063,1992,33,33,"2,970",33,0,0,0,0,0,0,3,0,0,0,0,0,0,1,0
459,Nélson Semedo,pt POR,DF,Wolves,31-165,1993,30,29,"2,576",28.6,0,4,4,0,0,0,7,0,0.8,0.8,2.7,3.4,61,70,107
460,Antoine Semenyo,gh GHA,FW,Bournemouth,25-113,2000,33,33,"2,907",32.3,9,4,13,9,0,0,9,0,9.3,9.3,5.7,15,132,106,259
461,Marcos Senesi,ar ARG,DF,Bournemouth,27-355,1997,15,12,"1,014",11.3,0,0,0,0,0,0,5,0,0.8,0.8,0.2,1,12,51,5
462,Ryan Sessegnon,eng ENG,"FW,DF",Fulham,24-347,2000,12,5,414,4.6,4,2,6,4,0,0,0,0,1.6,1.6,0.9,2.5,12,14,47
463,Luke Shaw,eng ENG,DF,Manchester Utd,29-292,1995,4,1,173,1.9,0,0,0,0,0,0,1,0,0,0,0.7,0.7,6,18,7
464,Zain Silcott-Duberry,ms MSR,FW,Bournemouth,19-295,2005,1,0,1,0,0,0,0,0,0,0,0,0,0,0,0,0,0,0,0
465,Bernardo Silva,pt POR,"MF,FW",Manchester City,30-263,1994,29,25,"2,311",25.7,3,4,7,3,0,0,7,0,3.2,3.2,4.2,7.5,92,109,180
466,Jota Silva,pt POR,"FW,MF",Nott'ham Forest,25-272,1999,27,5,828,9.2,3,1,4,3,0,0,5,0,1.9,1.9,2.9,4.8,19,16,54
467,Eric da Silva Moreira,de GER,"MF,DF",Nott'ham Forest,18-362,2006,2,0,30,0.3,0,0,0,0,0,0,0,0,0,0,0,0,1,0,1
468,Jahmai Simpson-Pusey,eng ENG,DF,Manchester City,19-177,2005,2,1,96,1.1,0,0,0,0,0,0,1,0,0,0,0,0,1,3,0
469,Luis Sinisterra,co COL,"FW,MF",Bournemouth,25-317,1999,12,1,236,2.6,1,1,2,1,0,0,0,0,1.2,1.2,1.4,2.6,19,6,38
470,Oliver Skipp,eng ENG,MF,Leicester City,24-226,2000,20,7,907,10.1,0,0,0,0,0,0,7,0,0.2,0.2,0.3,0.4,15,29,18
471,William Smallbone,ie IRL,MF,Southampton,25-068,2000,14,6,612,6.8,1,0,1,1,0,0,1,0,0.4,0.4,0.6,1.1,5,23,21
472,Adam Smith,eng ENG,DF,Bournemouth,34-001,1991,22,17,"1,409",15.7,0,0,0,0,0,0,6,0,0.7,0.7,0.3,1,12,40,31
473,Emile Smith Rowe,eng ENG,MF,Fulham,24-276,2000,30,23,"1,852",20.6,6,2,8,6,0,0,2,0,4.4,4.4,1.1,5.5,50,120,113
474,Dominic Solanke,eng ENG,FW,Tottenham,27-228,1997,25,24,"2,119",23.5,8,3,11,8,0,0,0,0,10.1,10.1,2.9,13.1,29,45,88
475,Carlos Soler,es ESP,"MF,FW",West Ham,28-118,1997,28,14,"1,347",15,1,1,2,1,0,0,5,0,1.7,1.7,1.2,2.9,16,52,33
476,Julio Soler,ar ARG,FW,Bournemouth,20-073,2005,1,0,2,0,0,0,0,0,0,0,0,0,0,0,0,0,0,0,0
477,Ramón Sosa,py PAR,"FW,MF",Nott'ham Forest,25-242,1999,17,1,264,2.9,1,0,1,1,0,0,1,0,0.9,0.9,0.5,1.4,12,4,15
478,Tomáš Souček,cz CZE,MF,West Ham,30-062,1995,31,26,"2,251",25,8,1,9,8,0,0,8,0,5.9,5.9,1,7,6,68,62
479,Boubakary Soumaré,fr FRA,MF,Leicester City,26-062,1999,27,23,"1,953",21.7,0,0,0,0,0,0,8,0,0.3,0.3,0.4,0.7,31,94,21
480,Djed Spence,eng ENG,DF,Tottenham,24-264,2000,21,16,"1,514",16.8,1,2,3,1,0,0,4,1,0.6,0.6,1.7,2.3,53,98,68
481,Jay Stansfield,eng ENG,MF,Fulham,22-157,2002,1,0,1,0,0,0,0,0,0,0,0,0,0,0,0,0,0,0,0
482,Jason Steele,eng ENG,GK,Brighton,34-255,1990,2,2,180,2,0,0,0,0,0,0,0,0,0,0,0,0,0,0,0
483,Jack Stephens,eng ENG,DF,Southampton,31-093,1994,16,14,"1,164",12.9,1,0,1,1,0,0,2,2,0.6,0.6,0.2,0.7,13,50,2
484,Raheem Sterling,eng ENG,"FW,MF",Arsenal,30-143,1994,15,6,432,4.8,0,2,2,0,0,0,1,0,1.3,1.3,0.5,1.8,25,17,71
485,Ross Stewart,sct SCO,FW,Southampton,28-293,1996,8,2,241,2.7,0,0,0,0,0,0,1,0,0.2,0.2,0,0.2,1,1,6
486,Jakub Stolarczyk,pl POL,GK,Leicester City,24-132,2000,6,6,540,6,0,0,0,0,0,0,1,0,0,0,0,0,0,1,0
487,John Stones,eng ENG,"DF,MF",Manchester City,30-337,1994,11,6,548,6.1,2,0,2,2,0,0,1,0,0.4,0.4,0.1,0.5,10,21,2
488,Jørgen Strand Larsen,no NOR,FW,Wolves,25-083,2000,32,29,"2,463",27.4,13,2,15,13,0,0,4,0,10,10,2.4,12.4,16,28,106
489,Yukinari Sugawara,jp JPN,"DF,MF",Southampton,24-306,2000,29,15,"1,467",16.3,1,1,2,1,0,0,4,0,0.5,0.5,2.2,2.7,32,68,76
490,Kamaldeen Sulemana,gh GHA,"FW,MF",Southampton,23-074,2002,22,13,"1,122",12.5,1,1,2,1,0,0,1,0,1.3,1.3,0.7,2,56,25,72
491,Crysencio Summerville,nl NED,"FW,MF",West Ham,23-182,2001,19,7,786,8.7,1,1,2,1,0,0,2,0,1.6,1.6,1.7,3.3,29,18,71
492,Sammie Szmodics,ie IRL,"FW,MF",Ipswich Town,29-218,1995,19,13,979,10.9,4,0,4,4,0,0,2,0,3.4,3.4,0.2,3.6,16,18,46
493,Dominik Szoboszlai,hu HUN,MF,Liverpool,24-187,2000,32,26,"2,257",25.1,5,5,10,5,0,0,6,0,7.1,7.1,6.2,13.3,65,114,120
494,Matt Targett,eng ENG,DF,Newcastle Utd,29-224,1995,2,0,21,0.2,0,0,0,0,0,0,0,0,0,0,0,0,0,0,1
495,James Tarkowski,eng ENG,DF,Everton,32-162,1992,33,33,"2,922",32.5,1,1,2,1,0,0,6,0,1.3,1.3,2.9,4.2,9,75,3
496,Marcus Tavernier,eng ENG,"FW,MF",Bournemouth,26-039,1999,25,16,"1,580",17.6,3,5,8,3,0,0,5,0,5.2,5.2,2.8,8.1,39,99,103
497,Charlie Taylor,eng ENG,DF,Southampton,31-224,1993,7,2,266,3,0,0,0,0,0,0,1,0,0,0,0.1,0.1,3,8,6
498,Jack Taylor,ie IRL,MF,Ipswich Town,26-311,1998,28,2,685,7.6,1,0,1,1,0,0,3,0,0.7,0.7,0.5,1.2,11,39,18
499,Mathys Tel,fr FRA,FW,Tottenham,20-003,2005,9,7,559,6.2,2,0,2,1,1,1,0,0,2.2,1.4,0.9,2.3,16,13,50
500,Kenny Tete,nl NED,DF,Fulham,29-203,1995,18,17,"1,438",16,0,2,2,0,0,0,3,0,1.2,1.2,0.9,2.1,33,46,45
501,Thiago,br BRA,FW,Brentford,23-308,2001,4,1,132,1.5,0,0,0,0,0,0,0,0,0.1,0.1,0.1,0.2,3,2,4
502,Luke Thomas,eng ENG,DF,Leicester City,23-324,2001,10,9,783,8.7,0,0,0,0,0,0,1,0,0.1,0.1,0.1,0.3,3,26,9
503,Youri Tielemans,be BEL,MF,Aston Villa,27-358,1997,34,34,"2,915",32.4,2,7,9,2,0,1,4,0,3,2.3,6.9,9.2,37,226,44
504,Kieran Tierney,sct SCO,"DF,FW",Arsenal,27-329,1997,10,1,181,2,0,0,0,0,0,0,0,0,0.2,0.2,0.9,1.1,5,12,22
505,Jurriën Timber,nl NED,DF,Arsenal,23-317,2001,30,27,"2,417",26.9,1,3,4,1,0,0,7,0,1.2,1.2,0.8,2.1,57,146,104
506,Jean-Clair Todibo,fr FRA,DF,West Ham,25-121,1999,23,16,"1,485",16.5,0,0,0,0,0,0,2,0,0.2,0.2,0,0.2,9,28,5
507,Harry Toffolo,eng ENG,DF,Nott'ham Forest,29-254,1995,4,1,137,1.5,0,0,0,0,0,0,1,0,0,0,0,0,0,2,4
508,Takehiro Tomiyasu,jp JPN,DF,Arsenal,26-176,1998,1,0,7,0.1,0,0,0,0,0,0,0,0,0.2,0.2,0,0.2,0,1,0
509,Sandro Tonali,it ITA,MF,Newcastle Utd,24-357,2000,32,24,"2,270",25.2,3,2,5,3,0,0,5,0,3.6,3.6,1.4,5,33,113,47
510,Pau Torres,es ESP,DF,Aston Villa,28-104,1997,20,20,"1,729",19.2,0,0,0,0,0,0,1,0,0.5,0.5,0.1,0.6,33,74,4
511,Conor Townsend,eng ENG,DF,Ipswich Town,32-057,1993,6,3,335,3.7,0,1,1,0,0,0,1,0,0,0,0.7,0.7,2,8,13
512,Adama Traoré,es ESP,"FW,MF",Fulham,29-095,1996,32,16,"1,568",17.4,2,6,8,2,0,0,2,0,3.8,3.8,4.7,8.5,87,61,143
513,Boubacar Traoré,ml MLI,MF,Wolves,23-253,2001,1,0,1,0,0,0,0,0,0,0,0,0,0,0,0,0,0,0,0
514,Mark Travers,ie IRL,GK,Bournemouth,25-347,1999,5,5,450,5,0,0,0,0,0,0,0,0,0,0,0,0,0,0,0
515,Ryan Trevitt,eng ENG,MF,Brentford,22-049,2003,1,0,4,0,0,0,0,0,0,0,0,0,0,0,0,0,0,0,1
516,Kieran Trippier,eng ENG,DF,Newcastle Utd,34-223,1990,23,13,"1,192",13.2,0,3,3,0,0,0,1,0,0.1,0.1,1.3,1.3,25,106,52
517,Leandro Trossard,be BEL,FW,Arsenal,30-147,1994,34,25,"2,264",25.2,8,5,13,8,0,0,4,1,6.6,6.6,5.1,11.8,71,91,202
518,Kostas Tsimikas,gr GRE,DF,Liverpool,28-353,1996,16,7,666,7.4,0,1,1,0,0,0,2,0,0.4,0.4,1.8,2.2,15,67,38
519,Axel Tuanzebe,cd COD,DF,Ipswich Town,27-167,1997,18,17,"1,445",16.1,0,1,1,0,0,0,5,1,0.2,0.2,0.3,0.5,9,45,8
520,Destiny Udogie,it ITA,DF,Tottenham,22-153,2002,24,23,"1,834",20.4,0,1,1,0,0,0,2,0,0.3,0.3,1.5,1.8,54,120,93
521,Manuel Ugarte Ribeiro,uy URU,MF,Manchester Utd,24-019,2001,26,20,"1,616",18,1,1,2,1,0,0,9,0,1,1,1.1,2,12,55,19
522,Lesley Ugochukwu,fr FRA,MF,Southampton,21-035,2004,23,15,"1,447",16.1,1,1,2,1,0,0,5,0,0.8,0.8,1,1.8,27,48,20
523,Enes Ünal,tr TUR,"FW,MF",Bournemouth,27-355,1997,17,2,345,3.8,2,1,3,2,0,0,2,0,2.7,2.7,0.4,3.1,4,12,22
524,Virgil van Dijk,nl NED,DF,Liverpool,33-296,1991,34,34,"3,060",34,2,1,3,2,0,0,3,0,2,2,0.7,2.7,18,176,6
525,Jamie Vardy,eng ENG,FW,Leicester City,38-109,1987,32,32,"2,571",28.6,7,3,10,6,1,2,5,0,10.2,8.7,2.9,11.6,27,20,108
526,Renato Veiga,pt POR,"DF,MF",Chelsea,21-275,2003,7,1,181,2,0,0,0,0,0,0,2,0,0.1,0.1,0,0.1,4,7,3
527,Joël Veltman,nl NED,DF,Brighton,33-105,1992,19,19,"1,643",18.3,0,0,0,0,0,0,4,0,0.5,0.5,0.5,0.9,29,79,32
528,Micky van de Ven,nl NED,DF,Tottenham,24-011,2001,12,11,950,10.6,0,2,2,0,0,0,4,0,0.6,0.6,1.2,1.7,8,51,1
529,Bart Verbruggen,nl NED,GK,Brighton,22-255,2002,32,32,"2,880",32,0,1,1,0,0,0,5,0,0,0,0,0,0,2,0
530,Jannik Vestergaard,dk DEN,DF,Leicester City,32-270,1992,18,16,"1,391",15.5,0,0,0,0,0,0,5,0,0.1,0.1,0.1,0.2,3,32,2
531,Guglielmo Vicario,it ITA,GK,Tottenham,28-205,1996,22,22,"1,980",22,0,0,0,0,0,0,1,0,0,0,0,0,0,1,0
532,Carlos Vinícius,br BRA,"MF,FW",Fulham,30-036,1995,3,0,16,0.2,0,0,0,0,0,0,0,0,0,0,0,0,1,0,3
533,Kyle Walker,eng ENG,DF,Manchester City,34-337,1990,15,9,970,10.8,0,0,0,0,0,0,3,0,0.1,0.1,0.4,0.6,12,64,11
534,Kyle Walker-Peters,eng ENG,DF,Southampton,28-017,1997,32,32,"2,828",31.4,0,2,2,0,0,0,5,0,0.8,0.8,2.7,3.6,112,134,139
535,Christian Walton,eng ENG,GK,Ipswich Town,29-172,1995,6,6,540,6,0,0,0,0,0,0,0,0,0,0,0,0,0,0,0
536,Aaron Wan-Bissaka,eng ENG,DF,West Ham,27-155,1997,32,31,"2,794",31,2,2,4,2,0,0,1,0,1.2,1.2,2.9,4,98,125,139
537,Danny Ward,wls WAL,GK,Leicester City,31-312,1993,2,1,135,1.5,0,0,0,0,0,0,0,0,0,0,0,0,0,0,0
538,Joel Ward,eng ENG,DF,Crystal Palace,35-183,1989,1,0,1,0,0,0,0,0,0,0,0,0,0,0,0,0,0,0,0
539,James Ward-Prowse,eng ENG,MF,West Ham,30-180,1994,11,9,802,8.9,0,1,1,0,0,0,2,0,0.5,0.5,1.1,1.6,9,45,4
540,James Ward-Prowse,eng ENG,MF,Nott'ham Forest,30-180,1994,9,5,400,4.4,0,1,1,0,0,0,2,1,0.1,0.1,1.1,1.2,1,16,3
541,Ollie Watkins,eng ENG,FW,Aston Villa,29-121,1995,34,27,"2,263",25.1,15,7,22,13,2,2,2,0,14.5,13,2.9,15.9,50,28,143
542,Adam Webster,eng ENG,DF,Brighton,30-116,1995,11,8,617,6.9,0,0,0,0,0,0,0,0,0,0,0.5,0.5,7,40,2
543,Danny Welbeck,eng ENG,FW,Brighton,34-155,1990,27,21,"1,852",20.6,9,4,13,9,0,0,4,0,8.1,8.1,1.1,9.2,19,40,80
544,Welington,br BRA,"DF,MF",Southampton,24-070,2001,7,3,215,2.4,0,0,0,0,0,0,1,0,0,0,0,0.1,3,6,10
545,Timo Werner,de GER,"FW,MF",Tottenham,29-055,1996,18,4,516,5.7,0,3,3,0,0,0,0,0,1,1,2.5,3.5,42,30,89
546,Adam Wharton,eng ENG,MF,Crystal Palace,20-332,2004,19,15,"1,258",14,0,2,2,0,0,0,2,0,0.3,0.3,3,3.3,14,105,10
547,Ben White,eng ENG,DF,Arsenal,27-204,1997,13,9,856,9.5,0,1,1,0,0,0,2,0,0.4,0.4,0.8,1.2,10,42,27
548,Mats Wieffer,nl NED,"MF,DF",Brighton,25-165,1999,21,6,692,7.7,1,2,3,1,0,0,4,0,0.7,0.7,1.3,2.1,12,49,17
549,Neco Williams,wls WAL,DF,Nott'ham Forest,24-017,2001,30,23,"2,144",23.8,1,2,3,1,0,0,5,0,2.2,2.2,1.4,3.6,54,70,81
550,Willian,br BRA,"FW,MF",Fulham,36-264,1988,8,2,226,2.5,0,0,0,0,0,0,0,0,0.3,0.3,0.5,0.7,8,36,29
551,Joe Willock,eng ENG,"MF,FW",Newcastle Utd,25-253,1999,29,10,953,10.6,0,2,2,0,0,0,2,0,1.5,1.5,1.9,3.4,34,35,76
552,Callum Wilson,eng ENG,FW,Newcastle Utd,33-062,1992,14,1,268,3,0,0,0,0,0,0,1,0,0.3,0.3,0.1,0.4,5,3,11
553,Harry Wilson,wls WAL,"FW,MF",Fulham,28-039,1997,21,9,937,10.4,5,1,6,5,0,0,2,0,3.2,3.2,1.1,4.3,16,46,79
554,Harry Winks,eng ENG,MF,Leicester City,29-087,1996,22,17,"1,538",17.1,0,2,2,0,0,0,4,0,0.2,0.2,1.2,1.5,19,101,11
555,Ben Winterburn,eng ENG,"FW,MF",Bournemouth,20-238,2004,3,0,23,0.3,0,0,0,0,0,0,0,0,0,0,0,0,2,0,2
556,Yoane Wissa,cd COD,FW,Brentford,28-239,1996,30,29,"2,470",27.4,16,3,19,16,0,0,2,0,14.9,14.9,1.8,16.7,48,56,131
557,Chris Wood,nz NZL,FW,Nott'ham Forest,33-144,1991,31,30,"2,509",27.9,19,3,22,16,3,3,1,0,11.1,8.8,2.3,11,13,34,74
558,Nathan Wood-Gordon,eng ENG,DF,Southampton,22-334,2002,9,7,624,6.9,0,0,0,0,0,0,2,0,0.2,0.2,0,0.3,2,17,0
559,Luke Woolfenden,eng ENG,DF,Ipswich Town,26-191,1998,14,11,"1,097",12.2,0,0,0,0,0,0,2,0,0,0,0,0,7,15,0
560,Yehor Yarmoliuk,ua UKR,MF,Brentford,21-060,2004,26,10,"1,039",11.5,0,0,0,0,0,0,4,0,0.6,0.6,0.3,0.9,12,45,42
561,Ryan Yates,eng ENG,MF,Nott'ham Forest,27-160,1997,30,17,"1,775",19.7,2,1,3,2,0,0,9,0,2.3,2.3,1.1,3.4,17,45,12
562,Leny Yoro,fr FRA,DF,Manchester Utd,19-168,2005,19,11,"1,069",11.9,0,0,0,0,0,0,5,0,0.7,0.7,0,0.7,19,48,4
563,Ashley Young,eng ENG,"DF,FW",Everton,39-295,1985,28,17,"1,613",17.9,1,3,4,1,0,0,6,1,0.3,0.3,1.6,1.8,20,82,26
564,Illia Zabarnyi,ua UKR,DF,Bournemouth,22-241,2002,32,31,"2,752",30.6,0,0,0,0,0,0,3,1,1.1,1.1,0.6,1.6,24,125,4
565,Oleksandr Zinchenko,ua UKR,"DF,MF",Arsenal,28-136,1996,12,4,450,5,0,1,1,0,0,0,1,0,0.3,0.3,0.1,0.4,10,35,12
566,Joshua Zirkzee,nl NED,"FW,MF",Manchester Utd,23-343,2001,32,14,"1,402",15.6,3,1,4,3,0,0,2,0,4.8,4.8,1.5,6.3,14,44,69
567,Martin Ødegaard,no NOR,MF,Arsenal,26-134,1998,26,23,"2,040",22.7,2,6,8,1,1,1,4,0,4.4,3.7,4.6,8.2,79,231,142